SourceID,ProductID,AvgRating,ReviewCount,SatisfiedCount,CurrentPrice
S01,P0001,0.0,0,615,18690000
S01,P0002,0.0,0,6625,27590000
S01,P0003,0.0,0,159,35990000
S01,P0004,0.0,0,5998,17690000
S01,P0005,0.0,0,886,18990000
S01,P0006,0.0,0,1192,52910000
S01,P0007,0.0,0,9504,19990000
S01,P0008,0.0,0,1966,36990000
S01,P0009,0.0,0,13380,28790000
S01,P0010,0.0,0,186,14290000
S01,P0011,0.0,0,388,33990000
S01,P0012,0.0,0,15174,20990000
S01,P0013,0.0,0,513,23990000
S01,P0014,0.0,0,12470,22990000
S01,P0015,0.0,0,2730,34490000
S01,P0016,0.0,0,11997,28390000
S01,P0017,0.0,0,3025,69900000
S01,P0018,0.0,0,4548,20490000
S01,P0019,0.0,0,17023,15990000
S01,P0020,0.0,0,2727,24590000
S01,P0021,0.0,1,11607,22490000
S01,P0022,0.0,0,4423,23990000
S01,P0023,0.0,0,3846,22490000
S01,P0024,0.0,0,6174,22990000
S01,P0025,0.0,0,3313,24990000
S01,P0026,0.0,0,3621,25290000
S01,P0027,0.0,0,13239,20490000
S01,P0028,0.0,0,21596,29990000
S01,P0029,0.0,1,11614,24499000
S01,P0030,0.0,0,4170,64990000
S01,P0031,0.0,0,3505,29490000
S01,P0032,0.0,0,9429,15990000
S01,P0033,0.0,0,314,62990000
S01,P0034,0.0,4,3005,59990000
S01,P0035,0.0,0,1224,50750000
S01,P0036,0.0,0,187,107900000
S01,P0037,0.0,0,1924,22690000
S01,P0038,0.0,0,5173,26490000
S01,P0039,0.0,0,3439,35630000
S01,P0040,0.0,0,11514,33990000
S01,P0041,0.0,0,12434,23990000
S01,P0042,0.0,0,12658,69990000
S01,P0043,0.0,0,3801,43990000
S01,P0044,0.0,0,8670,22990000
S01,P0045,0.0,0,41028,33799000
S01,P0046,0.0,0,1323,32990000
S01,P0047,0.0,0,43871,31990000
S01,P0048,0.0,0,6119,47990000
S01,P0049,0.0,0,6999,22999000
S01,P0050,0.0,0,6690,61990000
S01,P0051,0.0,0,1884,26290000
S01,P0052,0.0,0,1723,70129000
S01,P0053,0.0,0,45,18899000
S01,P0054,0.0,0,58,47690000
S01,P0055,0.0,0,1386,57990000
S01,P0056,0.0,0,9304,25990000
S01,P0057,0.0,0,41940,53990000
S01,P0058,0.0,0,4638,29390000
S01,P0059,0.0,0,5757,56790000
S01,P0060,0.0,0,7776,27990000
S01,P0061,0.0,0,17758,30990000
S01,P0062,0.0,0,12822,42590000
S01,P0063,0.0,0,384,37990000
S01,P0064,0.0,0,828,53990000
S01,P0065,0.0,0,16599,27990000
S01,P0066,0.0,0,3454,27890000
S01,P0067,0.0,0,2191,29590000
S01,P0068,0.0,0,924,42990000
S01,P0069,0.0,2,28566,10990000
S01,P0070,0.0,0,4830,24090000
S01,P0071,0.0,0,21056,32890000
S01,P0072,0.0,0,9757,72990000
S01,P0073,0.0,0,11031,19990000
S01,P0074,0.0,0,5609,59990000
S01,P0075,0.0,0,27765,41490000
S01,P0076,0.0,0,240,23290000
S01,P0077,0.0,0,17416,13990000
S01,P0078,0.0,0,6128,30990000
S01,P0079,0.0,0,2498,21890000
S01,P0080,0.0,0,10940,32990000
S01,P0081,0.0,0,4060,28990000
S01,P0082,0.0,0,1535,18990000
S01,P0083,0.0,0,2451,33990000
S01,P0084,0.0,0,476,64990000
S01,P0085,0.0,0,6155,35990000
S01,P0086,0.0,0,3045,55890000
S01,P0087,0.0,0,7513,27290000
S01,P0088,0.0,0,4187,22090000
S01,P0089,0.0,0,2855,19990000
S01,P0090,0.0,0,1892,21890000
S01,P0091,0.0,0,1721,25990000
S01,P0092,0.0,0,9480,72490000
S01,P0093,0.0,0,4560,24999000
S01,P0094,0.0,0,15388,23990000
S01,P0095,0.0,0,19597,42790000
S01,P0096,0.0,0,6987,14490000
S01,P0097,0.0,0,2173,27530000
S01,P0098,0.0,1,113637,11990000
S01,P0099,0.0,0,823,35990000
S01,P0100,0.0,0,931,67990000
S01,P0101,0.0,0,20815,48990000
S01,P0102,0.0,0,6287,63990000
S01,P0103,0.0,0,9441,41290000
S01,P0104,0.0,0,1293,42990000
S01,P0105,0.0,0,3083,27430000
S01,P0106,0.0,0,572,13290000
S01,P0107,0.0,0,3407,25890000
S01,P0108,0.0,0,554,46590000
S01,P0109,0.0,0,9458,19490000
S01,P0110,0.0,1,14112,25990000
S01,P0111,0.0,0,4819,41030000
S01,P0112,0.0,0,21074,25590000
S01,P0113,0.0,0,8860,50990000
S01,P0114,0.0,0,12045,22490000
S01,P0115,0.0,0,4270,134990000
S01,P0116,0.0,0,1149,38290000
S01,P0117,0.0,0,5694,31990000
S01,P0118,0.0,0,1487,18690000
S01,P0119,0.0,0,385,47990000
S01,P0120,0.0,0,20204,18690000
S01,P0121,0.0,0,1085,22990000
S01,P0122,0.0,0,15955,29190000
S01,P0123,0.0,0,5373,40999000
S01,P0124,0.0,1,8124,55490000
S01,P0125,0.0,0,21842,21690000
S01,P0126,0.0,0,243,21990000
S01,P0127,0.0,0,5360,38990000
S01,P0128,0.0,0,5120,15990000
S01,P0129,0.0,0,11873,14990000
S01,P0130,0.0,0,2397,38990000
S01,P0131,0.0,0,42027,19990000
S01,P0132,0.0,0,1662,36590000
S01,P0133,0.0,0,11345,17990000
S01,P0134,0.0,0,15475,11990000
S01,P0135,0.0,1,28654,28790000
S01,P0136,0.0,0,5215,30230000
S01,P0137,0.0,0,1682,27990000
S01,P0138,0.0,0,16318,59900000
S01,P0139,0.0,0,17262,10290000
S01,P0140,0.0,0,8274,39990000
S01,P0141,0.0,0,10875,65890000
S01,P0142,0.0,0,12574,17990000
S01,P0143,0.0,1,23521,24990000
S01,P0144,0.0,0,1346,67306000
S01,P0145,0.0,0,4743,34990000
S01,P0146,0.0,0,27911,32490000
S01,P0147,0.0,0,199,18590000
S01,P0148,0.0,0,8508,39990000
S01,P0149,0.0,0,5120,26790000
S01,P0150,0.0,0,493,32990000
S01,P0151,0.0,0,314,34999000
S01,P0152,0.0,0,1016,80999000
S01,P0153,0.0,1,34423,37990000
S01,P0154,0.0,0,7865,12390000
S01,P0155,0.0,0,12984,24999000
S01,P0156,0.0,0,18102,28390000
S01,P0157,0.0,0,3942,28990000
S01,P0158,0.0,0,6918,19590000
S01,P0159,0.0,0,11834,21590000
S01,P0160,0.0,0,624,36990000
S01,P0161,0.0,0,17364,14990000
S01,P0162,0.0,0,61,53990000
S01,P0163,0.0,0,8188,17990000
S01,P0164,0.0,0,16907,20690000
S01,P0165,0.0,0,3484,27490000
S01,P0166,0.0,0,2113,32999000
S01,P0167,0.0,0,18265,18790000
S01,P0168,0.0,0,157,34490000
S01,P0169,0.0,0,6715,39990000
S01,P0170,0.0,0,3576,23990000
S01,P0171,0.0,0,11479,23990000
S01,P0172,0.0,0,1781,44990000
S01,P0173,0.0,0,1462,39582000
S01,P0174,0.0,0,27707,30990000
S01,P0175,0.0,0,9649,19190000
S01,P0176,0.0,0,1058,22790000
S01,P0177,0.0,0,6163,28790000
S01,P0178,0.0,0,429,24890000
S01,P0179,0.0,0,1821,24990000
S01,P0180,0.0,0,5337,46990000
S01,P0181,0.0,0,23276,13690000
S01,P0182,0.0,4,15272,12690000
S01,P0183,0.0,0,237,34999000
S01,P0184,0.0,0,1398,61975000
S01,P0185,0.0,0,4665,32390000
S01,P0186,0.0,0,20319,16990000
S01,P0187,0.0,0,7440,17990000
S01,P0188,0.0,0,24302,29990000
S01,P0189,0.0,0,4468,39190000
S01,P0190,0.0,0,8033,34990000
S01,P0191,0.0,0,1501,54311000
S01,P0192,0.0,0,3118,16790000
S01,P0193,0.0,0,2198,20899000
S01,P0194,0.0,0,12172,18390000
S01,P0195,0.0,0,2156,25990000
S01,P0196,0.0,0,13497,31290000
S01,P0197,0.0,0,8386,30230000
S01,P0198,0.0,0,2399,42790000
S01,P0199,0.0,0,4188,51990000
S01,P0200,0.0,0,9040,14990000
S01,P0201,0.0,0,6983,24990000
S01,P0202,0.0,0,7692,57230000
S01,P0203,0.0,0,2269,55990000
S01,P0204,0.0,0,3574,33890000
S01,P0205,0.0,0,6919,23990000
S01,P0206,0.0,0,4932,18990000
S01,P0207,0.0,0,20627,27990000
S01,P0208,0.0,2,56415,26490000
S01,P0209,0.0,0,2456,23590000
S01,P0210,0.0,0,1101,23750000
S01,P0211,0.0,0,9637,14490000
S01,P0212,0.0,0,19870,27590000
S01,P0213,0.0,0,15061,21500000
S01,P0214,0.0,0,10001,43730000
S01,P0215,0.0,0,4119,53590000
S01,P0216,0.0,0,5305,14290000
S01,P0217,0.0,0,6368,48990000
S01,P0218,0.0,0,11920,20990000
S01,P0219,0.0,0,459,24990000
S01,P0220,0.0,2,11159,18990000
S01,P0221,0.0,0,6825,44990000
S01,P0222,0.0,0,2784,17990000
S01,P0223,0.0,0,3829,16090000
S01,P0224,0.0,0,1602,37490000
S01,P0225,0.0,0,7310,25990000
S01,P0226,0.0,0,2875,49990000
S01,P0227,0.0,0,5480,30990000
S01,P0228,0.0,0,4703,30990000
S01,P0229,0.0,0,1051,59990000
S01,P0230,0.0,0,1818,34390000
S01,P0231,0.0,0,1452,49990000
S01,P0232,0.0,0,2746,50750000
S01,P0233,0.0,0,3409,31190000
S01,P0234,0.0,0,10430,39599000
S01,P0235,0.0,0,11273,39990000
S01,P0236,0.0,0,33571,15390000
S01,P0237,0.0,0,3534,30999000
S01,P0238,0.0,0,8292,32990000
S01,P0239,0.0,0,7209,35790000
S01,P0240,0.0,0,6321,27590000
S01,P0241,0.0,0,1961,31999000
S01,P0242,0.0,0,1126,62990000
S01,P0243,0.0,0,709,52590000
S01,P0244,0.0,1,22647,21990000
S01,P0245,0.0,0,15793,25990000
S01,P0246,0.0,0,3004,24790000
S01,P0247,0.0,0,4146,17690000
S01,P0248,0.0,0,8223,48990000
S01,P0249,0.0,0,7519,21990000
S01,P0250,0.0,0,14836,17999000
S01,P0251,0.0,0,8493,129990000
S01,P0252,0.0,0,4092,88990000
S01,P0253,0.0,0,3275,114990000
S01,P0254,0.0,0,1220,17990000
S01,P0255,0.0,0,12680,27890000
S01,P0256,0.0,0,3224,17190000
S01,P0257,0.0,0,1978,22990000
S01,P0258,0.0,0,6494,31990000
S01,P0259,0.0,0,86702,27890000
S01,P0260,0.0,0,3757,25990000
S01,P0261,0.0,0,6320,38990000
S01,P0262,0.0,0,2014,19490000
S01,P0263,0.0,0,1934,36890000
S01,P0264,0.0,0,20998,35490000
S01,P0265,0.0,0,1629,59590000
S01,P0266,0.0,0,3634,19990000
S01,P0267,0.0,0,2301,68890000
S01,P0268,0.0,0,3014,26990000
S01,P0269,0.0,0,1223,20699000
S01,P0270,0.0,0,5980,25990000
S01,P0271,0.0,0,4112,27590000
S01,P0272,0.0,0,7008,49519000
S01,P0273,0.0,0,3332,29990000
S01,P0274,0.0,0,5022,27090000
S01,P0275,0.0,0,13963,94500000
S01,P0276,0.0,5,29944,15590000
S01,P0277,0.0,0,6789,25480000
S01,P0278,0.0,0,3052,99490000
S01,P0279,0.0,0,5147,86990000
S01,P0280,0.0,0,9083,25990000
S01,P0281,0.0,0,14866,18590000
S01,P0282,0.0,0,758,27590000
S01,P0283,0.0,0,35860,18990000
S01,P0284,0.0,4,103291,15990000
S01,P0285,0.0,0,8965,38990000
S01,P0286,0.0,0,10430,55990000
S01,P0287,0.0,0,11051,61990000
S01,P0288,0.0,0,5505,21160000
S01,P0289,0.0,0,5206,29480000
S01,P0290,0.0,0,1135,31990000
S01,P0291,0.0,0,794,26590000
S01,P0292,0.0,0,4067,40090000
S01,P0293,0.0,0,9696,16790000
S01,P0294,0.0,0,2823,53990000
S01,P0295,0.0,0,3565,25990000
S01,P0296,0.0,0,1748,58990000
S01,P0297,0.0,0,13598,24590000
S01,P0298,0.0,0,3433,52990000
S01,P0299,0.0,0,1089,28690000
S01,P0300,0.0,0,15009,26890000
S01,P0301,0.0,0,13254,13790000
S01,P0302,0.0,0,55998,31990000
S01,P0303,0.0,0,20873,25990000
S01,P0304,0.0,0,8126,26999000
S01,P0305,0.0,0,9588,28490000
S01,P0306,0.0,0,6267,25990000
S01,P0307,0.0,0,21160,14890000
S01,P0308,0.0,0,1204,15999000
S01,P0309,0.0,0,3711,36490000
S01,P0310,0.0,0,29249,17990000
S01,P0311,0.0,0,5470,19790000
S01,P0312,0.0,0,2060,22990000
S01,P0313,0.0,0,13146,21990000
S01,P0314,0.0,0,8128,36790000
S01,P0315,0.0,0,29338,47999000
S01,P0316,0.0,0,10451,62990000
S01,P0317,0.0,0,9629,23490000
S01,P0318,0.0,0,1401,87990000
S01,P0319,0.0,0,6578,23990000
S01,P0320,0.0,0,11245,21590000
S01,P0321,0.0,0,15804,30290000
S01,P0322,0.0,0,6351,78790000
S01,P0323,0.0,0,2548,17790000
S01,P0324,0.0,0,11744,23990000
S01,P0325,0.0,0,9479,41990000
S01,P0326,0.0,0,3597,35990000
S01,P0327,0.0,0,24919,45100000
S01,P0328,0.0,0,3129,29990000
S01,P0329,0.0,0,19091,20690000
S01,P0330,0.0,0,1613,18890000
S01,P0331,0.0,0,1195,29910000
S01,P0332,0.0,0,4061,16990000
S01,P0333,0.0,0,5073,18590000
S01,P0334,0.0,0,415,39990000
S01,P0335,0.0,0,11513,13590000
S01,P0336,0.0,0,11520,20999000
S01,P0337,0.0,0,4533,66410000
S01,P0338,0.0,0,4283,35990000
S01,P0339,0.0,0,6346,12990000
S01,P0340,0.0,0,120,35690000
S01,P0341,0.0,0,1535,67786000
S01,P0342,0.0,0,16781,27190000
S01,P0343,0.0,0,10812,19790000
S01,P0344,0.0,0,1783,35990000
S01,P0345,0.0,0,906,34590000
S01,P0346,0.0,0,2701,19490000
S01,P0347,0.0,1,27424,25990000
S01,P0348,0.0,0,4441,22290000
S01,P0349,0.0,0,30013,12990000
S01,P0350,0.0,0,590,25990000
S01,P0351,0.0,0,3306,38490000
S01,P0352,0.0,0,10722,22590000
S01,P0353,0.0,0,4030,51990000
S01,P0354,0.0,0,2882,23390000
S01,P0355,0.0,0,2012,25190000
S01,P0356,0.0,0,556,62990000
S01,P0357,0.0,0,5370,23590000
S01,P0358,0.0,0,11238,44990000
S01,P0359,0.0,0,8061,24990000
S01,P0360,0.0,0,584,32490000
S01,P0361,0.0,0,11939,48990000
S01,P0362,0.0,0,1877,44190000
S01,P0363,0.0,0,2104,35630000
S01,P0364,0.0,0,8567,11990000
S01,P0365,0.0,0,6372,33090000
S01,P0366,0.0,0,12535,14590000
S01,P0367,0.0,0,3168,29800000
S01,P0368,0.0,0,5829,19590000
S01,P0369,0.0,0,15136,16990000
S01,P0370,0.0,0,1268,42120000
S01,P0371,0.0,0,1763,54537000
S01,P0372,0.0,0,256,14999000
S01,P0373,0.0,0,6652,49890000
S01,P0374,0.0,0,15700,26990000
S01,P0375,0.0,0,319,61990000
S01,P0376,0.0,0,717,86990000
S01,P0377,0.0,0,2210,26990000
S01,P0378,0.0,0,3338,23190000
S01,P0379,0.0,0,1712,27999000
S01,P0380,0.0,0,1825,16690000
S01,P0381,0.0,0,11686,20490000
S01,P0382,0.0,1,30520,18790000
S01,P0383,0.0,0,3231,46990000
S01,P0384,0.0,0,26649,21999000
S01,P0385,0.0,0,8259,32499000
S01,P0386,0.0,0,6056,37990000
S01,P0387,0.0,0,13283,22490000
S01,P0388,0.0,0,383,28590000
S01,P0389,0.0,0,1680,27190000
S01,P0390,0.0,0,5042,32990000
S01,P0391,0.0,0,1036,14690000
S01,P0392,0.0,0,11130,33450000
S01,P0393,0.0,0,21526,31990000
S01,P0394,0.0,0,8238,21990000
S01,P0395,0.0,0,5829,26390000
S01,P0396,0.0,0,1576,55990000
S01,P0397,0.0,0,1239,42767000
S01,P0398,0.0,0,7235,23690000
S01,P0399,0.0,0,3313,40990000
S01,P0400,0.0,0,1011,24790000
S01,P0401,0.0,0,5540,20390000
S01,P0402,0.0,0,2114,119000000
S01,P0403,0.0,0,3882,52990000
S01,P0404,0.0,10,40189,21590000
S01,P0405,0.0,0,575,18290000
S01,P0406,0.0,0,3532,17690000
S01,P0407,0.0,0,11904,52990000
S01,P0408,0.0,1,4483,51990000
S01,P0409,0.0,0,21893,19490000
S01,P0410,0.0,0,3142,18990000
S01,P0411,0.0,0,2682,35490000
S01,P0412,0.0,0,2150,25590000
S01,P0413,0.0,0,1530,24990000
S01,P0414,0.0,0,5845,18999000
S01,P0415,0.0,0,1068,66950000
S01,P0416,0.0,0,221,69990000
S01,P0417,0.0,0,6611,30490000
S01,P0418,0.0,0,9554,27999000
S01,P0419,0.0,0,13588,23990000
S01,P0420,0.0,0,12426,28830000
S01,P0421,0.0,1,21814,23990000
S01,P0422,0.0,0,398,22990000
S01,P0423,0.0,0,14409,54990000
S01,P0424,0.0,0,508,51510000
S01,P0425,0.0,0,5683,33890000
S01,P0426,0.0,0,8058,135890000
S01,P0427,0.0,0,10504,43990000
S01,P0428,0.0,0,3742,16790000
S01,P0429,0.0,0,14700,23790000
S01,P0430,0.0,0,13729,19990000
S01,P0431,0.0,0,7595,13590000
S01,P0432,0.0,0,4095,30490000
S01,P0433,0.0,0,1648,74999000
S01,P0434,0.0,0,711,21999000
S01,P0435,0.0,0,4223,27990000
S01,P0436,0.0,0,12495,54320000
S01,P0437,0.0,0,14346,16990000
S01,P0438,0.0,0,9505,28490000
S01,P0439,0.0,0,6274,19690000
S01,P0440,0.0,0,18439,20999000
S01,P0441,0.0,0,6469,15390000
S01,P0442,0.0,0,8181,31990000
S01,P0443,0.0,0,7985,16990000
S01,P0444,0.0,0,1578,17590000
S01,P0445,0.0,0,775,19690000
S01,P0446,0.0,0,6684,41990000
S01,P0447,0.0,0,4345,71226000
S01,P0448,0.0,0,18562,22590000
S01,P0449,0.0,1,54845,20690000
S01,P0450,0.0,0,5688,27999000
S01,P0451,0.0,0,10890,31690000
S01,P0452,0.0,0,3550,41490000
S01,P0453,0.0,0,290,19690000
S01,P0454,0.0,0,627,17490000
S01,P0455,0.0,0,3204,21490000
S01,P0456,0.0,0,6949,20490000
S01,P0457,0.0,0,49505,43990000
S01,P0458,0.0,0,12226,26990000
S01,P0459,0.0,0,80,54990000
S01,P0460,0.0,0,1597,21990000
S01,P0461,0.0,0,70,47999000
S01,P0462,0.0,0,45,29990000
S01,P0463,0.0,0,4841,44990000
S01,P0464,0.0,0,33170,26990000
S01,P0465,0.0,2,18592,24590000
S01,P0466,0.0,0,29430,25700000
S01,P0467,0.0,0,6703,22990000
S01,P0468,0.0,0,11817,106990000
S01,P0469,0.0,0,2776,40990000
S01,P0470,0.0,0,26116,20990000
S01,P0471,0.0,0,17085,44090000
S01,P0472,0.0,0,2590,54990000
S01,P0473,0.0,0,3000,102990000
S01,P0474,0.0,0,13902,9190000
S01,P0475,0.0,0,4099,34990000
S01,P0476,0.0,0,3390,37040000
S01,P0477,0.0,0,1428,111990000
S01,P0478,0.0,0,9066,26490000
S01,P0479,0.0,0,547,28490000
S01,P0480,0.0,0,3658,54390000
S01,P0481,0.0,0,47075,37190000
S01,P0482,0.0,0,4020,42990000
S01,P0483,0.0,0,2621,32790000
S01,P0484,0.0,0,13339,16690000
S01,P0485,0.0,0,2821,23590000
S01,P0486,0.0,0,31635,26190000
S01,P0487,0.0,0,4958,41990000
S01,P0488,0.0,0,1785,30790000
S01,P0489,0.0,0,2250,49200000
S01,P0490,0.0,0,12671,16590000
S01,P0491,0.0,0,1259,45795000
S01,P0492,0.0,0,14273,22990000
S01,P0493,0.0,0,4640,29990000
S01,P0494,0.0,0,8014,24390000
S01,P0495,0.0,0,4312,19190000
S01,P0496,0.0,0,1294,22990000
S01,P0497,0.0,8,37009,11990000
S01,P0498,0.0,0,6477,28490000
S01,P0499,0.0,0,7287,45990000
S01,P0500,0.0,0,9564,38990000
S01,P0501,0.0,0,2168,44890000
S01,P0502,0.0,0,10695,24990000
S01,P0503,0.0,0,10825,31790000
S01,P0504,0.0,0,22205,42390000
S01,P0505,0.0,0,21701,60990000
S01,P0506,0.0,0,4690,121390000
S01,P0507,0.0,0,25261,13190000
S01,P0508,0.0,0,8033,26590000
S01,P0509,0.0,0,2326,25990000
S01,P0510,0.0,0,10210,15690000
S01,P0511,0.0,0,25936,31990000
S01,P0512,0.0,0,2780,38870000
S01,P0513,0.0,0,20259,14190000
S01,P0514,0.0,0,6589,21999000
S01,P0515,0.0,0,4342,49990000
S01,P0516,0.0,0,1238,47990000
S01,P0517,0.0,0,7025,22990000
S01,P0518,0.0,0,6125,179990000
S01,P0519,0.0,0,1077,23990000
S01,P0520,0.0,0,55053,16690000
S01,P0521,0.0,0,34675,16990000
S01,P0522,0.0,0,4401,25490000
S01,P0523,0.0,0,20090,10490000
S01,P0524,0.0,0,2984,41990000
S01,P0525,0.0,0,8146,57990000
S01,P0526,0.0,0,6746,20190000
S01,P0527,0.0,0,1406,35990000
S01,P0528,0.0,0,4839,21990000
S01,P0529,0.0,0,3798,24990000
S01,P0530,0.0,0,9889,38990000
S01,P0531,0.0,0,8102,23390000
S01,P0532,0.0,0,1493,19990000
S01,P0533,0.0,0,4313,103990000
S01,P0534,0.0,0,6616,15590000
S01,P0535,0.0,0,21007,15999000
S01,P0536,0.0,0,4873,19490000
S01,P0537,0.0,0,10424,36190000
S01,P0538,0.0,0,12886,27990000
S01,P0539,0.0,0,14335,27990000
S01,P0540,0.0,0,7605,26900000
S01,P0541,0.0,0,9908,17999000
S01,P0542,0.0,0,44782,22090000
S01,P0543,0.0,0,15586,50990000
S01,P0544,0.0,0,37499,47999000
S01,P0545,0.0,0,463,20390000
S01,P0546,0.0,0,561,53990000
S01,P0547,0.0,0,8291,38990000
S01,P0548,0.0,0,1447,47990000
S01,P0549,0.0,0,3250,31490000
S01,P0550,0.0,0,183,20890000
S01,P0551,0.0,0,23459,14990000
S01,P0552,0.0,0,5266,55990000
S01,P0553,0.0,0,1088,23490000
S01,P0554,0.0,0,5186,33990000
S01,P0555,0.0,1,14989,17990000
S01,P0556,0.0,0,4751,63190000
S01,P0557,0.0,0,4936,30990000
S01,P0558,0.0,0,2150,71990000
S01,P0559,0.0,0,18455,31990000
S01,P0560,0.0,0,14300,25690000
S01,P0561,0.0,0,1794,30990000
S01,P0562,0.0,0,6204,31850000
S01,P0563,0.0,0,3603,20190000
S01,P0564,0.0,0,5378,26360000
S01,P0565,0.0,0,2899,70990000
S01,P0566,0.0,0,13198,39990000
S01,P0567,0.0,0,33555,22290000
S01,P0568,0.0,0,851,96990000
S01,P0569,0.0,0,8958,26490000
S01,P0570,0.0,0,45,28590000
S01,P0571,0.0,0,2861,39590000
S01,P0572,0.0,0,18751,32690000
S01,P0573,0.0,0,2414,10790000
S01,P0574,0.0,0,6368,39999000
S01,P0575,0.0,0,1006,86990000
S01,P0576,0.0,0,8641,24999000
S01,P0577,0.0,1,49586,48990000
S01,P0578,0.0,0,1662,17890000
S01,P0579,0.0,0,12544,32990000
S01,P0580,0.0,0,25424,26490000
S01,P0581,0.0,0,7599,22990000
S01,P0582,0.0,0,11502,13390000
S01,P0583,0.0,0,6551,14790000
S01,P0584,0.0,0,8658,29490000
S01,P0585,0.0,0,1123,17999000
S01,P0586,0.0,0,24130,11990000
S01,P0587,0.0,0,15447,22590000
S01,P0588,0.0,0,838,21490000
S01,P0589,0.0,0,4698,17999000
S01,P0590,0.0,0,671,89990000
S01,P0591,0.0,0,3331,26990000
S01,P0592,0.0,0,21889,49990000
S01,P0593,0.0,0,15939,23990000
S01,P0594,0.0,3,77513,28990000
S01,P0595,0.0,0,5621,66520000
S01,P0596,0.0,0,4288,18390000
S01,P0597,0.0,0,4933,25990000
S01,P0598,0.0,0,86610,22590000
S01,P0599,0.0,0,601,20290000
S01,P0600,0.0,0,3853,55990000
S01,P0601,0.0,0,7159,31590000
S01,P0602,0.0,0,67,42990000
S01,P0603,0.0,0,2620,31850000
S01,P0604,0.0,0,27100,23590000
S01,P0605,0.0,0,49,79990000
S01,P0606,0.0,0,1444,50990000
S01,P0607,0.0,0,3519,54990000
S01,P0608,0.0,0,11611,25990000
S01,P0609,0.0,0,6910,30190000
S01,P0610,0.0,0,6551,20390000
S01,P0611,0.0,0,27978,19990000
S01,P0612,0.0,0,8216,26990000
S01,P0613,0.0,0,1700,56990000
S01,P0614,0.0,0,7400,40990000
S01,P0615,0.0,0,2261,129990000
S01,P0616,0.0,0,9014,13999000
S01,P0617,0.0,0,1937,20990000
S01,P0618,0.0,0,8567,28990000
S01,P0619,0.0,0,1248,21790000
S01,P0620,0.0,0,2784,25490000
S01,P0621,0.0,0,28847,18299000
S01,P0622,0.0,0,1797,63190000
S01,P0623,0.0,0,25711,35990000
S01,P0624,0.0,0,18267,30490000
S01,P0625,0.0,0,851,25590000
S01,P0626,0.0,0,22830,15990000
S01,P0627,0.0,0,21904,15190000
S01,P0628,0.0,0,381,50990000
S01,P0629,0.0,0,5195,61550000
S01,P0630,0.0,0,15854,20990000
S01,P0631,0.0,0,8255,29590000
S01,P0632,0.0,0,721,28990000
S01,P0633,0.0,0,2208,24390000
S01,P0634,0.0,0,29743,36990000
S01,P0635,0.0,0,3338,19990000
S01,P0636,0.0,0,2855,44990000
S01,P0637,0.0,0,22908,96990000
S01,P0638,0.0,0,3729,61550000
S01,P0639,0.0,0,4178,109990000
S01,P0640,0.0,0,13862,21990000
S01,P0641,0.0,0,4630,18590000
S01,P0642,0.0,0,16707,12990000
S01,P0643,0.0,0,11452,27990000
S01,P0644,0.0,0,5337,48690000
S01,P0645,0.0,0,18383,18940000
S01,P0646,0.0,0,3903,77890000
S01,P0647,0.0,0,5382,40590000
S01,P0648,0.0,0,1391,94990000
S01,P0649,0.0,1,7229,64590000
S01,P0650,0.0,0,8410,57990000
S01,P0651,0.0,0,7301,27999000
S01,P0652,0.0,0,15159,26790000
S01,P0653,0.0,0,25667,24990000
S01,P0654,0.0,0,2791,23990000
S01,P0655,0.0,0,5091,81290000
S01,P0656,0.0,0,6459,21990000
S01,P0657,0.0,0,2227,57990000
S01,P0658,0.0,1,9007,20490000
S01,P0659,0.0,0,894,23290000
S01,P0660,0.0,0,3039,25990000
S01,P0661,0.0,0,3867,28590000
S01,P0662,0.0,0,2878,31390000
S01,P0663,0.0,0,13613,21790000
S01,P0664,0.0,0,721,58990000
S01,P0665,0.0,0,7701,37990000
S01,P0666,0.0,0,3394,120990000
S01,P0667,0.0,0,1012,19490000
S01,P0668,0.0,0,4673,28990000
S01,P0669,0.0,0,8296,59830000
S01,P0670,0.0,0,3901,22990000
S01,P0671,0.0,0,5638,35490000
S01,P0672,0.0,0,46964,42999000
S01,P0673,0.0,0,2264,21590000
S01,P0674,0.0,0,60,25990000
S01,P0675,0.0,0,951,39990000
S01,P0676,0.0,0,272,20690000
S01,P0677,0.0,0,11338,52990000
S01,P0678,0.0,1,46467,14290000
S01,P0679,0.0,0,6532,21990000
S01,P0680,0.0,0,3597,28990000
S01,P0681,0.0,0,3883,53890000
S01,P0682,0.0,0,728,34990000
S01,P0683,0.0,0,725,21890000
S01,P0684,0.0,0,4403,22990000
S01,P0685,0.0,0,4210,68690000
S01,P0686,0.0,0,638,77290000
S01,P0687,0.0,0,63495,23590000
S01,P0688,0.0,0,7346,14990000
S01,P0689,0.0,0,767,37990000
S01,P0690,0.0,0,2833,35990000
S01,P0691,0.0,0,6444,11290000
S01,P0692,0.0,0,3418,65860000
S01,P0693,0.0,0,1007,20890000
S01,P0694,0.0,2,12824,22990000
S01,P0695,0.0,0,14841,32990000
S01,P0696,0.0,0,47472,23399000
S01,P0697,0.0,0,23743,22289000
S01,P0698,0.0,0,3856,30590000
S01,P0699,0.0,0,9169,23750000
S01,P0700,0.0,0,3829,58990000
S01,P0701,0.0,0,301,20899000
S01,P0702,0.0,0,8633,22490000
S01,P0703,0.0,0,2228,18999000
S01,P0704,0.0,0,36372,13990000
S01,P0705,0.0,0,761,42190000
S01,P0706,0.0,0,2623,64290000
S01,P0707,0.0,0,10444,19990000
S01,P0708,0.0,0,3088,32990000
S01,P0709,0.0,0,363,30990000
S01,P0710,0.0,0,2455,79990000
S01,P0711,0.0,0,6737,121990000
S01,P0712,0.0,0,8234,13990000
S01,P0713,0.0,0,3744,23990000
S01,P0714,0.0,0,2936,52990000
S01,P0715,0.0,0,4277,26990000
S01,P0716,0.0,0,521,19490000
S01,P0717,0.0,0,3341,56990000
S01,P0718,0.0,0,1681,29990000
S01,P0719,0.0,0,12800,22390000
S01,P0720,0.0,0,2426,53990000
S01,P0721,0.0,0,8076,23990000
S01,P0722,0.0,0,14093,16590000
S01,P0723,0.0,0,4282,28890000
S01,P0724,0.0,0,7832,18690000
S01,P0725,0.0,0,2340,26990000
S01,P0726,0.0,0,398,19390000
S01,P0727,0.0,0,8283,14490000
S01,P0728,0.0,0,14480,50490000
S01,P0729,0.0,0,19236,17490000
S01,P0730,0.0,0,8379,37975000
S01,P0731,0.0,0,5381,50990000
S01,P0732,0.0,0,9307,21990000
S01,P0733,0.0,0,8142,41590000
S01,P0734,0.0,0,2806,47690000
S01,P0735,0.0,0,6614,15590000
S01,P0736,0.0,0,2773,14890000
S01,P0737,0.0,0,5139,51790000
S01,P0738,0.0,0,1916,26490000
S01,P0739,0.0,0,194,56990000
S01,P0740,0.0,0,4907,13290000
S01,P0741,0.0,4,13595,22990000
S01,P0742,0.0,0,7739,23110000
S01,P0743,0.0,0,13953,28290000
S01,P0744,0.0,0,15463,15390000
S01,P0745,0.0,0,8210,16590000
S01,P0746,0.0,0,14163,47990000
S01,P0747,0.0,0,2493,14999000
S01,P0748,0.0,0,8697,35190000
S01,P0749,0.0,0,12095,20190000
S01,P0750,0.0,0,15069,26990000
S01,P0751,0.0,0,3252,26990000
S01,P0752,0.0,0,10609,46990000
S01,P0753,0.0,0,7203,38890000
S01,P0754,0.0,0,2101,149990000
S01,P0755,0.0,0,19,30999000
S01,P0756,0.0,0,1768,139000000
S01,P0757,0.0,0,53,48990000
S01,P0758,0.0,0,4311,22890000
S01,P0759,0.0,0,1722,34390000
S01,P0760,0.0,0,2230,26190000
S01,P0761,0.0,0,3846,27990000
S01,P0762,0.0,0,2153,19990000
S01,P0763,0.0,0,1863,39990000
S01,P0764,0.0,0,3648,48990000
S01,P0765,0.0,0,226,17990000
S01,P0766,0.0,0,5344,24890000
S01,P0767,0.0,0,3884,41040000
S01,P0768,0.0,0,4491,86990000
S01,P0769,0.0,1,7685,21590000
S01,P0770,0.0,0,8409,38330000
S01,P0771,0.0,0,5913,24999000
S01,P0772,0.0,0,1383,51390000
S01,P0773,0.0,0,7631,13790000
S01,P0774,0.0,0,2536,23490000
S01,P0775,0.0,0,3430,30590000
S01,P0776,0.0,0,8597,14690000
S01,P0777,0.0,0,10785,54990000
S01,P0778,0.0,0,8559,64990000
S01,P0779,0.0,0,780,46430000
S01,P0780,0.0,0,16859,40490000
S01,P0781,0.0,0,1706,22990000
S01,P0782,0.0,0,48,85990000
S01,P0783,0.0,0,2297,65990000
S01,P0784,0.0,0,4789,26130000
S01,P0785,0.0,0,21743,20490000
S01,P0786,0.0,0,2778,169900000
S01,P0787,0.0,0,14036,33990000
S01,P0788,0.0,0,7850,28490000
S01,P0789,0.0,0,6267,29990000
S01,P0790,0.0,0,117,20399000
S01,P0791,0.0,0,1212,22990000
S01,P0792,0.0,0,279,24890000
S01,P0793,0.0,0,2967,57450000
S01,P0794,0.0,0,11532,20990000
S01,P0795,0.0,0,5489,72990000
S01,P0796,0.0,0,880,19790000
S01,P0797,0.0,0,1193,41990000
S01,P0798,0.0,0,1487,40990000
S01,P0799,0.0,1,59493,25890000
S01,P0800,0.0,0,12962,24999000
S01,P0801,0.0,0,22672,17999000
S01,P0802,0.0,0,16653,29990000
S01,P0803,0.0,0,6323,23590000
S01,P0804,0.0,0,7935,16490000
S01,P0805,0.0,0,7252,23590000
S01,P0806,0.0,0,2673,45990000
S01,P0807,0.0,0,10509,25390000
S01,P0808,0.0,0,7534,28490000
S01,P0809,0.0,0,4776,49590000
S01,P0810,0.0,0,11093,17990000
S01,P0811,0.0,0,12870,18690000
S01,P0812,0.0,0,6302,17190000
S01,P0813,0.0,0,3955,24190000
S01,P0814,0.0,0,3547,27990000
S01,P0815,0.0,0,1823,15490000
S02,P0816,5.0,2,0,20290000
S02,P1683,5.0,2,0,20290000
S02,P0817,0.0,0,0,12490000
S02,P0818,0.0,0,0,17990000
S02,P0819,0.0,0,0,11990000
S02,P0982,0.0,0,0,11990000
S02,P0820,0.0,0,0,27690000
S02,P0821,0.0,0,0,38990000
S02,P0822,0.0,0,0,29990000
S02,P0823,5.0,4,0,19390000
S02,P0824,0.0,0,0,83990000
S02,P0825,0.0,0,0,20490001
S02,P0826,0.0,0,0,20290000
S02,P0827,0.0,0,0,6590000
S02,P0828,0.0,0,0,17490000
S02,P0829,0.0,0,0,72990000
S02,P0830,5.0,1,0,41390000
S02,P0831,0.0,0,0,14490000
S02,P0832,0.0,0,0,27990000
S02,P0833,5.0,1,0,21990000
S02,P0834,0.0,0,0,30990000
S02,P0835,5.0,1,0,13490000
S02,P0836,0.0,0,0,17490000
S02,P0837,0.0,0,0,17490000
S02,P0838,5.0,1,0,15990000
S02,P0839,5.0,3,0,119990000
S02,P0840,0.0,0,0,42990000
S02,P0841,0.0,0,0,48190000
S02,P0842,0.0,0,0,15990000
S02,P1068,0.0,0,0,15990000
S02,P0843,5.0,5,0,38590000
S02,P0844,0.0,0,0,17990000
S02,P0845,5.0,1,0,20990000
S02,P0846,0.0,0,0,19490000
S02,P0847,0.0,0,0,26090000
S02,P0848,0.0,0,0,21990000
S02,P0849,0.0,0,0,25990000
S02,P0850,5.0,2,0,17490000
S02,P0851,0.0,0,0,13990000
S02,P0852,5.0,5,0,12490000
S02,P0853,0.0,0,0,25490000
S02,P0854,0.0,0,0,12990000
S02,P0855,0.0,0,0,18790000
S02,P0856,0.0,0,0,22890000
S02,P0857,0.0,0,0,34490000
S02,P0858,5.0,5,0,18490000
S02,P0859,0.0,0,0,16790000
S02,P0860,0.0,0,0,23690000
S02,P0861,0.0,0,0,30990000
S02,P0862,5.0,2,0,16490000
S02,P0863,0.0,0,0,21990000
S02,P0864,0.0,0,0,48990000
S02,P0865,0.0,0,0,16790000
S02,P0866,0.0,0,0,25990000
S02,P0867,0.0,0,0,40990000
S02,P0868,0.0,0,0,18690000
S02,P0869,0.0,0,0,19990000
S02,P0870,5.0,1,0,23490000
S02,P0871,0.0,0,0,19790000
S02,P0872,0.0,0,0,39990000
S02,P0873,0.0,0,0,21490000
S02,P0874,0.0,0,0,18990000
S02,P0875,0.0,0,0,9990000
S02,P0876,0.0,0,0,13290000
S02,P0877,4.8,5,0,25490000
S02,P0878,0.0,0,0,25490000
S02,P0879,0.0,0,0,17490000
S02,P0880,0.0,0,0,19490000
S02,P0881,0.0,0,0,20490000
S02,P1184,0.0,0,0,20490000
S02,P0882,0.0,0,0,17490000
S02,P0883,0.0,0,0,24990000
S02,P0884,5.0,3,0,29890000
S02,P0885,0.0,0,0,48290000
S02,P0886,0.0,0,0,53490000
S02,P0887,5.0,1,0,19990000
S02,P0888,0.0,0,0,34990000
S02,P0889,0.0,0,0,31590000
S02,P0890,0.0,0,0,32490000
S02,P0891,0.0,0,0,21590000
S02,P0892,0.0,0,0,32990000
S02,P0893,0.0,0,0,23490000
S02,P0894,0.0,0,0,60860000
S02,P0895,5.0,1,0,34990000
S02,P0896,0.0,0,0,44490000
S02,P0897,0.0,0,0,62090000
S02,P0898,0.0,0,0,34990000
S02,P0899,0.0,0,0,33990000
S02,P0900,0.0,0,0,21990000
S02,P0901,0.0,0,0,41890000
S02,P0902,0.0,0,0,30290000
S02,P0903,0.0,0,0,36490000
S02,P0904,5.0,1,0,38190000
S02,P0905,0.0,0,0,35290000
S02,P1264,0.0,0,0,35290000
S02,P0906,0.0,0,0,16290000
S02,P0907,0.0,0,0,19590000
S02,P0908,5.0,5,0,16990000
S02,P0909,0.0,0,0,19990000
S02,P0910,0.0,0,0,43190000
S02,P0911,5.0,4,0,16990000
S02,P0912,5.0,5,0,26490000
S02,P0989,5.0,5,0,26490000
S02,P0913,0.0,0,0,18490000
S02,P0914,0.0,0,0,35590000
S02,P0915,0.0,0,0,18690000
S02,P0916,0.0,0,0,20290000
S02,P0917,0.0,0,0,39990000
S02,P0918,5.0,1,0,59990000
S02,P0919,0.0,0,0,70990000
S02,P0920,0.0,0,0,16990000
S02,P0921,0.0,0,0,24190000
S02,P0922,0.0,0,0,23490000
S02,P0923,0.0,0,0,16390000
S02,P0924,0.0,0,0,18690000
S02,P0925,0.0,0,0,76490000
S02,P0926,5.0,2,0,18990000
S02,P0927,5.0,1,0,11490000
S02,P0928,0.0,0,0,21790000
S02,P0929,0.0,0,0,18490000
S02,P0930,0.0,0,0,40590000
S02,P0931,0.0,0,0,32790000
S02,P0932,5.0,4,0,19990000
S02,P0933,0.0,0,0,56990000
S02,P0934,0.0,0,0,38690000
S02,P0935,5.0,1,0,19490000
S02,P0936,0.0,0,0,24990000
S02,P0937,0.0,0,0,33890000
S02,P0938,0.0,0,0,27490000
S02,P0939,0.0,0,0,14490000
S02,P0940,0.0,0,0,23790000
S02,P0941,0.0,0,0,14990000
S02,P0942,0.0,0,0,37990000
S02,P0943,0.0,0,0,35390000
S02,P0944,0.0,0,0,27490000
S02,P0945,0.0,0,0,27990000
S02,P0946,0.0,0,0,20190000
S02,P0947,0.0,0,0,24990000
S02,P0948,5.0,1,0,34990000
S02,P0949,0.0,0,0,43990000
S02,P0950,5.0,1,0,17990000
S02,P0951,0.0,0,0,40490000
S02,P0952,5.0,1,0,25490000
S02,P0953,5.0,1,0,27190000
S02,P0954,0.0,0,0,33990000
S02,P0955,0.0,0,0,24390000
S02,P0956,0.0,0,0,56990000
S02,P0957,0.0,0,0,44290000
S02,P0958,0.0,0,0,46190000
S02,P0959,0.0,0,0,13690000
S02,P0960,0.0,0,0,29990000
S02,P0961,0.0,0,0,25190000
S02,P0962,0.0,0,0,35190000
S02,P0963,0.0,0,0,50990000
S02,P0964,4.6,5,0,13190000
S02,P0965,0.0,0,0,18990000
S02,P0966,0.0,0,0,19990000
S02,P0967,0.0,0,0,31690000
S02,P0968,5.0,1,0,28990000
S02,P0969,5.0,5,0,29990000
S02,P0970,0.0,0,0,12490000
S02,P0971,0.0,0,0,20690000
S02,P0972,0.0,0,0,32990000
S02,P0973,0.0,0,0,27190000
S02,P0974,0.0,0,0,104990000
S02,P0975,0.0,0,0,25990000
S02,P0976,0.0,0,0,16990000
S02,P0977,0.0,0,0,28590000
S02,P0978,0.0,0,0,34690000
S02,P0979,0.0,0,0,32290000
S02,P0980,4.0,2,0,62990000
S02,P0981,0.0,0,0,25490000
S02,P0983,0.0,0,0,22690000
S02,P0984,0.0,0,0,24990000
S02,P0985,5.0,1,0,22790000
S02,P0986,5.0,1,0,19490000
S02,P0987,0.0,0,0,21890000
S02,P0988,5.0,1,0,36290000
S02,P0990,0.0,0,0,38190000
S02,P0991,5.0,3,0,20490000
S02,P0992,0.0,0,0,23490000
S02,P0993,0.0,0,0,25990000
S02,P0994,0.0,0,0,5290000
S02,P0995,0.0,0,0,19890000
S02,P0996,0.0,0,0,50990000
S02,P0997,5.0,5,0,40990000
S02,P0998,0.0,0,0,31590000
S02,P0999,0.0,0,0,30490000
S02,P1000,0.0,0,0,28090000
S02,P1001,0.0,0,0,16490000
S02,P1002,0.0,0,0,11990000
S02,P1003,0.0,0,0,12490000
S02,P1004,0.0,0,0,18490000
S02,P1005,5.0,1,0,25190000
S02,P1006,0.0,0,0,15990000
S02,P1007,5.0,5,0,28790000
S02,P1008,4.6,5,0,17990000
S02,P1009,0.0,0,0,31990000
S02,P1010,0.0,0,0,30990000
S02,P1011,0.0,0,0,22990000
S02,P1012,0.0,0,0,28990000
S02,P1013,0.0,0,0,44490000
S02,P1014,0.0,0,0,36990000
S02,P1015,0.0,0,0,18990000
S02,P1016,5.0,1,0,30590000
S02,P1017,0.0,0,0,20290000
S02,P1018,0.0,0,0,13590000
S02,P1019,0.0,0,0,25290000
S02,P1020,0.0,0,0,55990000
S02,P1021,0.0,0,0,11990000
S02,P1022,0.0,0,0,35990000
S02,P1023,0.0,0,0,18790000
S02,P1682,0.0,0,0,18790000
S02,P1024,5.0,5,0,50990000
S02,P1025,0.0,0,0,20990000
S02,P1026,0.0,0,0,22990000
S02,P1027,0.0,0,0,30990000
S02,P1028,0.0,0,0,21490000
S02,P1029,0.0,0,0,17890000
S02,P1030,0.0,0,0,22590000
S02,P1031,5.0,5,0,17490000
S02,P1032,4.2,5,0,17990000
S02,P1033,5.0,1,0,14590000
S02,P1034,0.0,0,0,15990000
S02,P1035,0.0,0,0,59590000
S02,P1036,4.6,5,0,21790000
S02,P1037,0.0,0,0,69990000
S02,P1038,0.0,0,0,35490000
S02,P1039,0.0,0,0,22490000
S02,P1040,0.0,0,0,25590000
S02,P1041,0.0,0,0,27990000
S02,P1042,0.0,0,0,40990000
S02,P1043,0.0,0,0,16990000
S02,P1044,0.0,0,0,55460000
S02,P1045,4.8,4,0,20790000
S02,P1046,0.0,0,0,28990000
S02,P1047,0.0,0,0,12990000
S02,P1048,0.0,0,0,59990000
S02,P1049,0.0,0,0,17490000
S02,P1050,0.0,0,0,48190000
S02,P1051,0.0,0,0,20490000
S02,P1052,5.0,4,0,8990000
S02,P1053,0.0,0,0,45290000
S02,P1054,4.6,5,0,13690000
S02,P1055,0.0,0,0,21990000
S02,P1056,0.0,0,0,16490000
S02,P1057,0.0,0,0,30690000
S02,P1058,0.0,0,0,23190000
S02,P1059,0.0,0,0,7990000
S02,P1060,0.0,0,0,11490000
S02,P1061,0.0,0,0,25690000
S02,P1062,4.8,5,0,24590000
S02,P1063,4.8,4,0,49990000
S02,P1064,0.0,0,0,18290000
S02,P1065,0.0,0,0,54990000
S02,P1066,0.0,0,0,82990000
S02,P1067,0.0,0,0,82490000
S02,P1069,0.0,0,0,9290000
S02,P1070,0.0,0,0,16490000
S02,P1071,0.0,0,0,25590000
S02,P1072,0.0,0,0,17490000
S02,P1073,0.0,0,0,69990000
S02,P1074,5.0,1,0,13490000
S02,P1075,4.0,1,0,44990000
S02,P1076,0.0,0,0,21990000
S02,P1077,5.0,1,0,19990000
S02,P1078,0.0,0,0,34490000
S02,P1079,4.8,5,0,18990000
S02,P1080,5.0,1,0,22090000
S02,P1081,0.0,0,0,18490000
S02,P1082,5.0,2,0,13990000
S02,P1083,0.0,0,0,40490000
S02,P1084,5.0,2,0,27590000
S02,P1085,0.0,0,0,53990000
S02,P1086,0.0,0,0,27490000
S02,P1087,0.0,0,0,16390000
S02,P1088,0.0,0,0,17490000
S02,P1089,5.0,5,0,38990000
S02,P1090,5.0,1,0,22690000
S02,P1091,0.0,0,0,27890000
S02,P1092,0.0,0,0,20790000
S02,P1789,0.0,0,0,20790000
S02,P1093,0.0,0,0,83990000
S02,P1094,0.0,0,0,32190000
S02,P1095,0.0,0,0,24490000
S02,P1096,0.0,0,0,24990000
S02,P1097,5.0,3,0,12490000
S02,P1098,0.0,0,0,51990000
S02,P1099,0.0,0,0,60360000
S02,P1100,0.0,0,0,17990000
S02,P1101,0.0,0,0,20690000
S02,P1102,0.0,0,0,34990000
S02,P1103,0.0,0,0,30990000
S02,P1104,0.0,0,0,61990000
S02,P1105,0.0,0,0,17490000
S02,P1106,0.0,0,0,35490000
S02,P1107,5.0,5,0,18990000
S02,P1108,0.0,0,0,20290000
S02,P1109,0.0,0,0,15790000
S02,P1110,0.0,0,0,16990000
S02,P1111,5.0,1,0,16790000
S02,P1112,0.0,0,0,13690000
S02,P1113,0.0,0,0,22790000
S02,P1114,0.0,0,0,56990000
S02,P1115,5.0,5,0,14990000
S02,P1116,5.0,2,0,29990000
S02,P1117,5.0,1,0,14490000
S02,P1118,0.0,0,0,21790000
S02,P1119,0.0,0,0,23790000
S02,P1120,0.0,0,0,15390000
S02,P1121,0.0,0,0,17690000
S02,P1122,0.0,0,0,102490000
S02,P1123,5.0,1,0,9290000
S02,P1124,0.0,0,0,23490000
S02,P1125,0.0,0,0,25690000
S02,P1126,0.0,0,0,20590000
S02,P1127,0.0,0,0,34990000
S02,P1128,0.0,0,0,27990000
S02,P1129,5.0,1,0,23990000
S02,P1130,0.0,0,0,44990000
S02,P1131,5.0,1,0,18990000
S02,P1132,0.0,0,0,29590000
S02,P1133,0.0,0,0,22990000
S02,P1134,5.0,1,0,13790000
S02,P1135,5.0,3,0,35490000
S02,P1136,0.0,0,0,17790000
S02,P1137,0.0,0,0,22190000
S02,P1138,4.0,1,0,23990000
S02,P1139,5.0,5,0,15490000
S02,P1140,5.0,1,0,8990000
S02,P1141,5.0,1,0,18990000
S02,P1220,5.0,1,0,18990000
S02,P1142,0.0,0,0,18290000
S02,P1143,0.0,0,0,50990000
S02,P1144,0.0,0,0,19590000
S02,P1145,5.0,1,0,46990000
S02,P1146,0.0,0,0,18490000
S02,P1147,0.0,0,0,58990000
S02,P1148,0.0,0,0,41690000
S02,P1149,0.0,0,0,29990000
S02,P1150,0.0,0,0,24790000
S02,P1151,0.0,0,0,13990000
S02,P1152,0.0,0,0,22790000
S02,P1153,0.0,0,0,26790000
S02,P1154,0.0,0,0,24690000
S02,P1155,0.0,0,0,12490000
S02,P1156,0.0,0,0,14990000
S02,P1157,0.0,0,0,88990000
S02,P1158,0.0,0,0,19690000
S02,P1159,0.0,0,0,14590000
S02,P1160,5.0,4,0,17390000
S02,P1161,0.0,0,0,119990000
S02,P1162,0.0,0,0,23790000
S02,P1163,0.0,0,0,50490000
S02,P1164,5.0,5,0,46790000
S02,P1165,4.7,3,0,29590000
S02,P1166,5.0,4,0,16990000
S02,P1167,0.0,0,0,26790000
S02,P1168,0.0,0,0,17490000
S02,P1169,5.0,1,0,23020000
S02,P1170,0.0,0,0,18290000
S02,P1171,0.0,0,0,16790000
S02,P1172,0.0,0,0,29990000
S02,P1173,5.0,5,0,15990000
S02,P1174,0.0,0,0,39990000
S02,P1175,0.0,0,0,13490000
S02,P1176,0.0,0,0,33990000
S02,P1177,4.8,5,0,14790000
S02,P1178,0.0,0,0,36590000
S02,P1179,5.0,5,0,37990000
S02,P1180,0.0,0,0,18990000
S02,P1181,5.0,5,0,19990000
S02,P1182,5.0,5,0,39990000
S02,P1183,5.0,1,0,24090000
S02,P1185,0.0,0,0,47590000
S02,P1186,0.0,0,0,55590000
S02,P1187,0.0,0,0,72990000
S02,P1188,0.0,0,0,28490000
S02,P1189,0.0,0,0,24190000
S02,P1190,5.0,5,0,14090000
S02,P1191,0.0,0,0,16990000
S02,P1192,0.0,0,0,26990000
S02,P1193,0.0,0,0,11490000
S02,P1194,5.0,1,0,18490000
S02,P1195,0.0,0,0,14790000
S02,P1196,0.0,0,0,17790000
S02,P1197,0.0,0,0,39490000
S02,P1198,0.0,0,0,20290000
S02,P1199,0.0,0,0,97990000
S02,P1200,5.0,1,0,12290000
S02,P1201,0.0,0,0,19690000
S02,P1202,0.0,0,0,14790000
S02,P1203,0.0,0,0,98990000
S02,P1204,0.0,0,0,23990000
S02,P1205,5.0,5,0,16490000
S02,P1206,5.0,1,0,28990000
S02,P1207,5.0,5,0,16290000
S02,P1208,0.0,0,0,16990000
S02,P1209,0.0,0,0,17990000
S02,P1210,0.0,0,0,18490000
S02,P1211,0.0,0,0,18490000
S02,P1212,0.0,0,0,48290000
S02,P1213,5.0,2,0,21990000
S02,P1214,5.0,5,0,16790000
S02,P1215,0.0,0,0,14990000
S02,P1216,0.0,0,0,33690000
S02,P1217,0.0,0,0,17490000
S02,P1218,5.0,3,0,18490000
S02,P1219,0.0,0,0,17990000
S02,P1221,0.0,0,0,25990000
S02,P1222,0.0,0,0,21990000
S02,P1223,4.8,5,0,20490000
S02,P1224,5.0,2,0,14290000
S02,P1225,5.0,3,0,22990000
S02,P1226,0.0,0,0,35490000
S02,P1227,0.0,0,0,30490000
S02,P1228,0.0,0,0,44990000
S02,P1229,5.0,3,0,28990000
S02,P1230,0.0,0,0,15990000
S02,P1231,4.6,5,0,3390000
S02,P1232,5.0,5,0,23290000
S02,P1233,0.0,0,0,35590000
S02,P1234,0.0,0,0,29090000
S02,P1235,0.0,0,0,14990000
S02,P1922,0.0,0,0,14990000
S02,P1236,0.0,0,0,18490000
S02,P1237,0.0,0,0,45990000
S02,P1238,0.0,0,0,28490000
S02,P1239,0.0,0,0,22190000
S02,P1240,0.0,0,0,18990000
S02,P1241,0.0,0,0,28990000
S02,P1242,0.0,0,0,54990000
S02,P1243,0.0,0,0,25790000
S02,P1244,0.0,0,0,21790000
S02,P1245,0.0,0,0,39490000
S02,P1246,0.0,0,0,17990000
S02,P1247,0.0,0,0,29290000
S02,P1248,0.0,0,0,12990000
S02,P1249,0.0,0,0,20790000
S02,P1250,0.0,0,0,44490000
S02,P1251,0.0,0,0,16290000
S02,P1252,0.0,0,0,62490000
S02,P1253,0.0,0,0,16490000
S02,P1254,0.0,0,0,23690000
S02,P1255,0.0,0,0,16790000
S02,P1256,0.0,0,0,63590000
S02,P1257,0.0,0,0,59990000
S02,P1258,0.0,0,0,24890000
S02,P1259,0.0,0,0,27990000
S02,P1260,0.0,0,0,31290000
S02,P1261,0.0,0,0,15390000
S02,P1262,0.0,0,0,16990000
S02,P1263,0.0,0,0,19990000
S02,P1265,0.0,0,0,28990000
S02,P1266,0.0,0,0,25990000
S02,P1267,5.0,5,0,15690000
S02,P1268,0.0,0,0,19190000
S02,P1269,0.0,0,0,34590000
S02,P1270,0.0,0,0,25290000
S02,P1271,5.0,3,0,38990000
S02,P1272,0.0,0,0,31290000
S02,P1273,0.0,0,0,32090000
S02,P1274,4.8,5,0,27590000
S02,P1275,0.0,0,0,26990000
S02,P1276,5.0,1,0,20190000
S02,P1277,5.0,2,0,17590000
S02,P1278,0.0,0,0,21990000
S02,P1279,0.0,0,0,23990000
S02,P1280,5.0,2,0,41490000
S02,P1281,0.0,0,0,42990000
S02,P1282,0.0,0,0,56160000
S02,P1283,0.0,0,0,46890000
S02,P1284,0.0,0,0,24890000
S02,P1285,0.0,0,0,20690000
S02,P1286,0.0,0,0,16990000
S02,P1287,0.0,0,0,23490000
S02,P1288,0.0,0,0,34990000
S02,P1289,0.0,0,0,55990000
S02,P1290,5.0,1,0,12490000
S02,P1291,0.0,0,0,24790000
S02,P1292,0.0,0,0,22990000
S03,P1293,4.9,89,0,20290000
S03,P1294,4.9,89,0,31990000
S03,P1295,4.9,8,0,18790000
S03,P1296,4.9,5,0,71090000
S03,P1297,4.9,5,0,18490000
S03,P1298,4.9,6,0,33990000
S03,P1299,4.9,7,0,55990000
S03,P1300,4.9,1,0,21490000
S03,P1301,4.9,19,0,16790000
S03,P1302,4.9,12,0,27990000
S03,P1303,4.9,5,0,23990000
S03,P1304,4.9,5,0,29190000
S03,P1305,4.9,5,0,43190000
S03,P1306,4.9,16,0,13990000
S03,P1307,4.9,14,0,17290000
S03,P1308,4.9,6,0,20990000
S03,P1309,4.9,6,0,13390000
S03,P1310,4.9,7,0,18990000
S03,P1311,4.9,12,0,19790000
S03,P1312,4.9,98,0,14190000
S03,P1313,4.9,7,0,22990000
S03,P1314,4.9,11,0,20990000
S03,P1315,4.9,5,0,21690000
S03,P1316,4.9,1,0,17290000
S03,P1317,4.9,89,0,17690000
S03,P1318,4.9,12,0,23490000
S03,P1319,4.9,16,0,21890000
S03,P1320,4.9,5,0,19990000
S03,P1321,4.9,89,0,72490000
S03,P1322,4.9,10,0,22490000
S03,P1323,4.9,6,0,31290000
S03,P1324,4.9,5,0,14490000
S03,P1325,4.9,5,0,50490000
S03,P1326,4.9,89,0,18990000
S03,P1327,4.9,6,0,45990000
S03,P1328,4.9,5,0,25990000
S03,P1329,4.9,89,0,139000000
S03,P1330,4.9,89,0,109990000
S03,P1331,4.9,6,0,43790000
S03,P1332,4.9,89,0,16790000
S03,P1333,4.9,89,0,15590000
S03,P1334,4.9,5,0,28090000
S03,P1335,4.9,6,0,17990000
S03,P1336,4.9,5,0,30390000
S03,P1337,4.9,5,0,24790000
S03,P1338,4.9,12,0,16990000
S03,P1339,4.9,20,0,13590000
S03,P1340,4.9,11,0,10590000
S03,P1341,4.9,13,0,20190000
S03,P1342,4.9,89,0,58990000
S03,P1343,4.9,12,0,29990000
S03,P1344,4.9,10,0,11990000
S03,P1345,4.9,46,0,24590000
S03,P1346,4.9,5,0,16990000
S03,P1347,4.9,7,0,15990000
S03,P1348,4.9,6,0,18290000
S03,P1349,4.9,5,0,50990000
S03,P1350,4.9,89,0,21990000
S03,P1351,4.9,9,0,12290000
S03,P1352,4.9,8,0,41490000
S03,P1353,4.9,9,0,28990000
S03,P1354,4.9,89,0,32990000
S03,P1355,4.9,9,0,21490000
S03,P1356,4.9,5,0,25490000
S03,P1357,4.9,5,0,33490000
S03,P1358,4.9,6,0,25190000
S03,P1359,4.9,5,0,27490000
S03,P1360,4.9,6,0,22890000
S03,P1361,4.9,6,0,16990000
S03,P1362,4.9,6,0,35290000
S03,P1363,4.9,6,0,24990000
S03,P1364,4.9,6,0,37290000
S03,P1365,4.9,10,0,25990000
S03,P1366,4.9,89,0,21790000
S03,P1367,4.9,89,0,72990000
S03,P1368,4.9,89,0,35990000
S03,P1369,4.9,12,0,21090000
S03,P1370,4.9,4,0,25590000
S03,P1371,4.9,8,0,16990000
S03,P1372,4.9,89,0,19990000
S03,P1373,4.9,89,0,42490000
S03,P1374,4.9,6,0,55490000
S03,P1375,4.9,5,0,13490000
S03,P1376,4.9,6,0,24990000
S03,P1377,4.9,89,0,97990000
S03,P1378,4.9,16,0,12790000
S03,P1379,4.9,13,0,13990000
S03,P1380,4.9,9,0,16990000
S03,P1381,4.9,89,0,55990000
S03,P1382,4.9,5,0,28490000
S03,P1383,4.9,89,0,115990000
S03,P1384,4.9,2,0,10990000
S03,P1385,4.9,1,0,33990000
S03,P1386,4.9,7,0,31990000
S03,P1387,4.9,12,0,33990000
S03,P1388,4.9,89,0,20590000
S03,P1389,4.9,8,0,16390000
S03,P1390,4.9,89,0,13990000
S03,P1391,4.9,12,0,16490000
S03,P1392,4.9,8,0,18990000
S03,P1393,4.9,89,0,48890000
S03,P1394,4.9,89,0,28990000
S03,P1395,4.9,6,0,17990000
S03,P1396,4.9,9,0,28990000
S03,P1397,4.9,89,0,20590000
S03,P1398,4.9,5,0,26990000
S03,P1399,4.9,8,0,16690000
S03,P1400,4.9,5,0,27290000
S03,P1401,4.9,11,0,26990000
S03,P1402,4.9,13,0,21790000
S03,P1403,4.9,89,0,78490000
S03,P1404,4.9,89,0,74990000
S03,P1405,4.9,89,0,17490000
S03,P1406,4.9,5,0,15990000
S03,P1407,4.9,1,0,20690000
S03,P1408,4.9,89,0,38990000
S03,P1409,4.9,9,0,25290000
S03,P1410,4.9,89,0,182990000
S03,P1411,4.9,1,0,18490000
S03,P1412,4.9,89,0,18990000
S03,P1413,4.9,89,0,115790000
S03,P1414,4.9,34,0,19990000
S03,P1415,4.9,89,0,7290000
S03,P1416,4.9,89,0,119990000
S03,P1417,4.9,5,0,36990000
S03,P1418,4.9,5,0,13490000
S03,P1419,4.9,89,0,55990000
S03,P1420,4.9,7,0,22990000
S03,P1421,4.9,89,0,24990000
S03,P1422,4.9,9,0,6890000
S03,P1423,4.9,7,0,21990000
S03,P1424,4.9,12,0,15190000
S03,P1425,4.9,5,0,20490000
S03,P1426,4.9,14,0,23490000
S03,P1427,4.9,5,0,25990000
S03,P1428,4.9,5,0,25690000
S03,P1429,4.9,6,0,27490000
S03,P1430,4.9,3,0,24990000
S03,P1431,4.9,89,0,21990000
S03,P1432,4.9,8,0,15990000
S03,P1433,4.9,7,0,26990000
S03,P1434,4.9,9,0,17990000
S03,P1435,4.9,5,0,27990000
S03,P1436,4.9,89,0,55190000
S03,P1437,4.9,7,0,24790000
S03,P1438,4.9,5,0,23290000
S03,P1439,4.9,6,0,59990000
S03,P1440,4.9,10,0,38990000
S03,P1441,4.9,1,0,24990000
S03,P1442,4.9,7,0,20090000
S03,P1443,4.9,89,0,24090000
S03,P1444,4.9,6,0,20490000
S03,P1445,4.9,7,0,49090000
S03,P1446,4.9,10,0,14390000
S03,P1447,4.9,11,0,13490000
S03,P1448,4.9,89,0,19190000
S03,P1449,4.9,8,0,18890000
S03,P1450,4.9,1,0,21990000
S03,P1451,4.9,89,0,22890000
S03,P1452,4.9,5,0,43990000
S03,P1453,4.9,5,0,71590000
S03,P1454,4.9,89,0,29990000
S03,P1455,4.9,89,0,40990000
S03,P1456,4.9,89,0,129590000
S03,P1457,4.9,89,0,26190000
S03,P1458,4.9,7,0,16490000
S03,P1459,4.9,89,0,104990000
S03,P1460,4.9,15,0,16790000
S03,P1461,4.9,89,0,18490000
S03,P1462,4.9,89,0,34990000
S03,P1463,4.9,6,0,23490000
S03,P1464,4.9,7,0,12590000
S03,P1465,4.9,89,0,24090000
S03,P1466,4.9,5,0,25990000
S03,P1467,4.9,89,0,29990000
S03,P1468,4.9,89,0,5990000
S03,P1469,4.9,7,0,29990000
S03,P1470,4.9,89,0,26890000
S03,P1471,4.9,8,0,15990000
S03,P1472,4.9,7,0,20490000
S03,P1473,4.9,89,0,114990000
S03,P1474,4.9,89,0,35490000
S03,P1475,4.9,5,0,22690000
S03,P1476,4.9,7,0,21490000
S03,P1477,4.9,6,0,21790000
S03,P1478,4.9,6,0,18490000
S03,P1479,4.9,10,0,23290000
S03,P1480,4.9,9,0,23990000
S03,P1481,4.9,8,0,16990000
S03,P1482,4.9,89,0,31990000
S03,P1483,4.9,11,0,26990000
S03,P1484,4.9,9,0,16690000
S03,P1485,4.9,7,0,23390000
S03,P1486,4.9,89,0,19990000
S03,P1487,4.9,9,0,12290000
S03,P1488,4.9,6,0,49490000
S03,P1489,4.9,89,0,23190000
S03,P1490,4.9,9,0,16790000
S03,P1491,4.9,10,0,24990000
S03,P1492,4.9,89,0,29990000
S03,P1493,4.9,14,0,17490000
S03,P1494,4.9,89,0,59990000
S03,P1495,4.9,12,0,38290000
S03,P1496,4.9,5,0,48990000
S03,P1497,4.9,7,0,22990000
S03,P1498,4.9,5,0,59990000
S03,P1499,4.9,8,0,22990000
S03,P1500,4.9,6,0,44490000
S03,P1501,4.9,1,0,26490000
S03,P1502,4.9,89,0,35990000
S03,P1503,4.9,13,0,23790000
S03,P1504,4.9,89,0,28590000
S03,P1505,4.9,89,0,15090000
S03,P1506,4.9,16,0,19490000
S03,P1507,4.9,6,0,26990000
S03,P1508,4.9,7,0,21990000
S03,P1509,4.9,6,0,55990000
S03,P1510,4.9,5,0,23290000
S03,P1511,4.9,9,0,12990000
S03,P1512,4.9,89,0,83990000
S03,P1513,4.9,6,0,33990000
S03,P1514,4.9,5,0,91490000
S03,P1515,4.9,9,0,20690000
S03,P1516,4.9,8,0,21490000
S03,P1517,4.9,7,0,19490000
S03,P1518,4.9,6,0,29490000
S03,P1519,4.9,2,0,35390000
S03,P1520,4.9,89,0,40490000
S03,P1521,4.9,10,0,18290000
S03,P1522,4.9,9,0,21790000
S03,P1523,4.9,6,0,39990000
S03,P1524,4.9,20,0,21590000
S03,P1525,4.9,5,0,25490000
S03,P1526,4.9,5,0,31090000
S03,P1527,4.9,89,0,27090000
S03,P1528,4.9,89,0,37690000
S03,P1529,4.9,11,0,24490000
S03,P1530,4.9,6,0,15990000
S03,P1531,4.9,10,0,16290000
S03,P1532,4.9,89,0,29890000
S03,P1533,4.9,89,0,31390000
S03,P1534,4.9,7,0,37990000
S03,P1535,4.9,8,0,35590000
S03,P1536,4.9,12,0,24990000
S03,P1537,4.9,89,0,27190000
S03,P1538,4.9,89,0,39990000
S03,P1539,4.9,6,0,23490000
S03,P1540,4.9,6,0,27490000
S03,P1541,4.9,8,0,20490000
S03,P1542,4.9,89,0,35490000
S03,P1543,4.9,8,0,18990000
S03,P1544,4.9,1,0,14790000
S03,P1545,4.9,6,0,43990000
S03,P1546,4.9,5,0,28990000
S03,P1547,4.9,7,0,17990000
S03,P1548,4.9,5,0,38990000
S03,P1549,4.9,89,0,10990000
S03,P1550,4.9,5,0,34490000
S03,P1551,4.9,89,0,23990000
S03,P1552,4.9,8,0,20490000
S03,P1553,4.9,5,0,55890000
S03,P1554,4.9,6,0,35990000
S03,P1555,4.9,89,0,24990000
S03,P1556,4.9,89,0,25590000
S03,P1557,4.9,5,0,23490000
S03,P1558,4.9,1,0,25790000
S03,P1559,4.9,5,0,53990000
S03,P1560,4.9,1,0,52590000
S03,P1561,4.9,10,0,12490000
S03,P1562,4.9,6,0,100990000
S03,P1563,4.9,10,0,29390000
S03,P1564,4.9,89,0,26990000
S03,P1565,4.9,5,0,63290000
S03,P1566,4.9,6,0,41590000
S03,P1567,4.9,7,0,29290000
S03,P1568,4.9,89,0,17990000
S03,P1569,4.9,8,0,40990000
S03,P1570,4.9,89,0,36290000
S03,P1571,4.9,6,0,11690000
S03,P1572,4.9,7,0,19290000
S03,P1573,4.9,10,0,48790000
S03,P1574,4.9,89,0,70990000
S03,P1575,4.9,5,0,18990000
S03,P1576,4.9,89,0,40990000
S03,P1577,4.9,1,0,19690000
S03,P1578,4.9,89,0,28990000
S03,P1579,4.9,5,0,35290000
S03,P1580,4.9,6,0,21590000
S03,P1581,4.9,10,0,22990000
S03,P1582,4.9,6,0,64990000
S03,P1583,4.9,5,0,40490000
S03,P1584,4.9,10,0,16890000
S03,P1585,4.9,89,0,37990000
S03,P1586,4.9,15,0,15190000
S03,P1587,4.9,30,0,17690000
S03,P1588,4.9,6,0,25890000
S03,P1589,4.9,15,0,9990000
S03,P1590,4.9,6,0,30490000
S03,P1591,4.9,6,0,63490000
S03,P1592,4.9,7,0,27290000
S03,P1593,4.9,89,0,19490000
S03,P1594,4.9,7,0,19090000
S03,P1595,4.9,5,0,47990000
S03,P1596,4.9,6,0,37490000
S03,P1597,4.9,5,0,20490000
S03,P1598,4.9,8,0,25990000
S03,P1599,4.9,12,0,18190000
S03,P1600,4.9,5,0,81390000
S03,P1601,4.9,8,0,14790000
S03,P1602,4.9,6,0,30690000
S03,P1603,4.9,6,0,24590000
S03,P1604,4.9,89,0,19990000
S03,P1605,4.9,7,0,103690000
S03,P1606,4.9,89,0,45990000
S03,P1607,4.9,6,0,34990000
S03,P1608,4.9,89,0,52990000
S03,P1609,4.9,15,0,24190000
S03,P1610,4.9,5,0,35290000
S03,P1611,4.9,10,0,17390000
S03,P1612,4.9,89,0,109490000
S03,P1613,4.9,89,0,139990000
S03,P1614,4.9,19,0,11290000
S03,P1615,4.9,8,0,25790000
S03,P1616,4.9,5,0,29390000
S03,P1617,4.9,89,0,19990000
S03,P1618,4.9,5,0,47990000
S03,P1619,4.9,89,0,55390000
S03,P1620,4.9,8,0,21790000
S03,P1621,4.9,6,0,38990000
S03,P1622,4.9,7,0,26890000
S03,P1623,4.9,89,0,76590000
S03,P1624,4.9,12,0,16990000
S03,P1625,4.9,6,0,16990000
S03,P1626,4.9,17,0,19490000
S03,P1627,4.9,5,0,19990000
S03,P1628,4.9,5,0,20190000
S03,P1629,4.9,17,0,16490000
S03,P1630,4.9,7,0,31890000
S03,P1631,4.9,6,0,13490000
S03,P1632,4.9,6,0,16990000
S03,P1633,4.9,6,0,42390000
S03,P1634,4.9,7,0,8690000
S03,P1635,4.9,5,0,64990000
S03,P1636,4.9,7,0,27990000
S03,P1637,4.9,2,0,18190000
S03,P1638,4.9,7,0,21490000
S03,P1639,4.9,89,0,76490000
S03,P1640,4.9,5,0,38490000
S03,P1641,4.9,10,0,29690000
S03,P1642,4.9,6,0,21590000
S03,P1643,4.9,89,0,63290000
S03,P1644,4.9,6,0,18990000
S03,P1645,4.9,89,0,47490000
S03,P1646,4.9,7,0,62990000
S03,P1647,4.9,10,0,11790000
S03,P1648,4.9,7,0,25490000
S03,P1649,4.9,5,0,24490000
S03,P1650,4.9,6,0,18990000
S03,P1651,4.9,6,0,51490000
S03,P1652,4.9,6,0,30990000
S03,P1653,4.9,5,0,32090000
S03,P1654,4.9,7,0,28990000
S03,P1655,4.9,6,0,27990000
S03,P1656,4.9,8,0,22790000
S04,P1657,0.0,0,0,30490000
S04,P1658,0.0,0,0,19990000
S04,P1659,0.0,0,0,31490000
S04,P1660,0.0,0,0,54990000
S04,P1661,0.0,0,0,48790000
S04,P1662,0.0,0,0,75490000
S04,P1663,0.0,0,0,27690000
S04,P1664,0.0,0,0,30490000
S04,P1665,0.0,0,0,25490000
S04,P1666,0.0,0,0,122990000
S04,P1667,0.0,0,0,25990000
S04,P1668,0.0,0,0,22990000
S04,P1669,0.0,0,0,30990000
S04,P1670,0.0,0,0,59990000
S04,P1671,0.0,0,0,25990000
S04,P1672,0.0,0,0,31990000
S04,P1673,0.0,0,0,28990000
S04,P1674,0.0,0,0,42990000
S04,P1675,0.0,0,0,9990000
S04,P1676,0.0,0,0,22990000
S04,P1677,0.0,0,0,129990000
S04,P1678,0.0,0,0,37990000
S04,P1679,0.0,0,0,29490000
S04,P1680,0.0,0,0,119990000
S04,P1681,0.0,0,0,12990000
S04,P1023,0.0,0,0,15990000
S04,P1682,0.0,0,0,15990000
S04,P0816,0.0,0,0,18990000
S04,P1683,0.0,0,0,18990000
S04,P1684,0.0,0,0,28490000
S04,P1685,0.0,0,0,18190000
S04,P1686,0.0,0,0,42990000
S04,P1687,0.0,0,0,25790000
S04,P1688,0.0,0,0,21590000
S04,P1689,0.0,0,0,19290000
S04,P1690,0.0,0,0,24990000
S04,P1691,0.0,0,0,14490000
S04,P1692,0.0,0,0,21490000
S04,P1693,0.0,0,0,47990000
S04,P1694,0.0,0,0,45990000
S04,P1695,0.0,0,0,15990000
S04,P1696,0.0,0,0,175990000
S04,P1697,0.0,0,0,48990000
S04,P1698,0.0,0,0,22990000
S04,P1699,0.0,0,0,29490000
S04,P1700,0.0,0,0,19990000
S04,P1701,0.0,0,0,17490000
S04,P1702,0.0,0,0,39990000
S04,P1703,0.0,0,0,47990000
S04,P1704,0.0,0,0,30290000
S04,P1705,0.0,0,0,18990000
S04,P1706,0.0,0,0,64990000
S04,P1707,0.0,0,0,36790000
S04,P1708,0.0,0,0,25490000
S04,P1709,0.0,0,0,42490000
S04,P1710,0.0,0,0,35990000
S04,P1711,0.0,0,0,20490000
S04,P1712,0.0,0,0,68990000
S04,P1713,0.0,0,0,17990000
S04,P1714,0.0,0,0,29990000
S04,P1715,0.0,0,0,17990000
S04,P1716,0.0,0,0,53990000
S04,P1717,0.0,0,0,24990000
S04,P1718,0.0,0,0,27290000
S04,P1719,0.0,0,0,63990000
S04,P1720,0.0,0,0,12990000
S04,P1721,0.0,0,0,28490000
S04,P1722,0.0,0,0,23490000
S04,P1723,0.0,0,0,15490000
S04,P1724,0.0,0,0,129900000
S04,P1725,0.0,0,0,46990000
S04,P1726,0.0,0,0,15990000
S04,P1727,0.0,0,0,43990000
S04,P1728,0.0,0,0,55990000
S04,P1729,0.0,0,0,47390000
S04,P1730,0.0,0,0,57490000
S04,P1731,0.0,0,0,35790000
S04,P1732,0.0,0,0,122990000
S04,P1733,0.0,0,0,19990000
S04,P1734,0.0,0,0,22790000
S04,P1735,0.0,0,0,20990000
S04,P1736,0.0,0,0,42990000
S04,P1737,0.0,0,0,90990000
S04,P1738,0.0,0,0,54990000
S04,P1739,0.0,0,0,23990000
S04,P1740,0.0,0,0,89990000
S04,P1741,0.0,0,0,16790000
S04,P1742,0.0,0,0,37990000
S04,P1743,0.0,0,0,25990000
S04,P1744,0.0,0,0,19490000
S04,P1745,0.0,0,0,26490000
S04,P1746,0.0,0,0,25690000
S04,P1747,0.0,0,0,32490000
S04,P1748,0.0,0,0,27990000
S04,P1749,0.0,0,0,34990000
S04,P1750,0.0,0,0,21200000
S04,P1751,0.0,0,0,41490000
S04,P1752,0.0,0,0,55990000
S04,P1753,0.0,0,0,29990000
S04,P1754,0.0,0,0,26990000
S04,P1755,0.0,0,0,31190000
S04,P1756,0.0,0,0,21990000
S04,P1757,0.0,0,0,25490000
S04,P1758,0.0,0,0,63790000
S04,P1759,0.0,0,0,33990000
S04,P1760,0.0,0,0,38990000
S04,P1761,0.0,0,0,10690000
S04,P1762,0.0,0,0,42990000
S04,P1763,0.0,0,0,79990000
S04,P1764,0.0,0,0,19990000
S04,P1765,0.0,0,0,38990000
S04,P1766,0.0,0,0,46990000
S04,P1767,0.0,0,0,23490000
S04,P1768,0.0,0,0,47990000
S04,P1769,0.0,0,0,41990000
S04,P1770,0.0,0,0,42990000
S04,P1771,0.0,0,0,12790000
S04,P1772,0.0,0,0,16990000
S04,P1773,0.0,0,0,23490000
S04,P1774,0.0,0,0,34990000
S04,P1775,0.0,0,0,20490000
S04,P1776,0.0,0,0,67990000
S04,P1777,0.0,0,0,119990000
S04,P1778,0.0,0,0,22290000
S04,P1779,0.0,0,0,24990000
S04,P1780,0.0,0,0,15290000
S04,P1781,0.0,0,0,24990000
S04,P1782,0.0,0,0,33990000
S04,P1783,0.0,0,0,29990000
S04,P1784,0.0,0,0,24990000
S04,P1785,0.0,0,0,22990000
S04,P1786,0.0,0,0,36490000
S04,P1787,0.0,0,0,41990000
S04,P1788,0.0,0,0,6690000
S04,P1092,0.0,0,0,17990000
S04,P1789,0.0,0,0,17990000
S04,P1790,0.0,0,0,168990000
S04,P1791,0.0,0,0,56990000
S04,P1792,0.0,0,0,35990000
S04,P1793,0.0,0,0,40990000
S04,P1794,0.0,0,0,44990000
S04,P1795,0.0,0,0,22990000
S04,P1796,0.0,0,0,21990000
S04,P1797,0.0,0,0,40990000
S04,P1798,0.0,0,0,16590000
S04,P1799,0.0,0,0,61990000
S04,P1800,0.0,0,0,74990000
S04,P1801,0.0,0,0,21990000
S04,P1802,0.0,0,0,44490000
S04,P1803,0.0,0,0,23990000
S04,P1804,0.0,0,0,17990000
S04,P1805,0.0,0,0,18890000
S04,P1806,0.0,0,0,21990000
S04,P1807,0.0,0,0,40990000
S04,P1808,0.0,0,0,51490000
S04,P1809,0.0,0,0,22290000
S04,P1810,0.0,0,0,21990000
S04,P1811,0.0,0,0,18990000
S04,P1812,0.0,0,0,22990000
S04,P1813,0.0,0,0,12590000
S04,P1814,0.0,0,0,41490000
S04,P1815,0.0,0,0,32590000
S04,P1816,0.0,0,0,84990000
S04,P1817,0.0,0,0,27490000
S04,P1818,0.0,0,0,18490000
S04,P1819,0.0,0,0,31790000
S04,P1820,0.0,0,0,55990000
S04,P1821,0.0,0,0,29990000
S04,P1822,0.0,0,0,26990000
S04,P1823,0.0,0,0,69990000
S04,P1824,0.0,0,0,28990000
S04,P1825,0.0,0,0,12490000
S04,P1826,0.0,0,0,48300000
S04,P1827,0.0,0,0,17690000
S04,P1828,0.0,0,0,37990000
S04,P1829,0.0,0,0,28490000
S04,P1830,0.0,0,0,18990000
S04,P1831,0.0,0,0,33290000
S04,P1832,0.0,0,0,17990000
S04,P1833,0.0,0,0,67690000
S04,P1834,0.0,0,0,17590000
S04,P1835,0.0,0,0,53990000
S04,P1836,0.0,0,0,108990000
S04,P1837,0.0,0,0,18990000
S04,P1838,0.0,0,0,48990000
S04,P1839,0.0,0,0,41490000
S04,P1840,0.0,0,0,23990000
S04,P1841,0.0,0,0,22490000
S04,P1842,0.0,0,0,28490000
S04,P1843,0.0,0,0,34990000
S04,P1844,0.0,0,0,23990000
S04,P1845,0.0,0,0,43990000
S04,P1846,0.0,0,0,14490000
S04,P1847,0.0,0,0,55990000
S04,P1848,0.0,0,0,24590000
S04,P1849,0.0,0,0,16990000
S04,P1850,0.0,0,0,49990000
S04,P1851,0.0,0,0,38990000
S04,P1852,0.0,0,0,78490000
S04,P1853,0.0,0,0,27990000
S04,P1854,0.0,0,0,43990000
S04,P1855,0.0,0,0,16990000
S04,P1856,0.0,0,0,15290000
S04,P1857,0.0,0,0,32790000
S04,P1858,0.0,0,0,63490000
S04,P1859,0.0,0,0,189000000
S04,P1860,0.0,0,0,61990000
S04,P1861,0.0,0,0,31490000
S04,P1862,0.0,0,0,17990000
S04,P1863,0.0,0,0,69990000
S04,P1864,0.0,0,0,39990000
S04,P1865,0.0,0,0,34490000
S04,P1866,0.0,0,0,15990000
S04,P1867,0.0,0,0,21690000
S04,P1868,0.0,0,0,36990000
S04,P1869,0.0,0,0,10290000
S04,P1870,0.0,0,0,20490000
S04,P1871,0.0,0,0,63990000
S04,P1872,0.0,0,0,40490000
S04,P1873,0.0,0,0,134990000
S04,P1874,0.0,0,0,22090000
S04,P1875,0.0,0,0,25999000
S04,P1876,0.0,0,0,28490000
S04,P1877,0.0,0,0,33990000
S04,P1878,0.0,0,0,23890000
S04,P1879,0.0,0,0,7190000
S04,P1880,0.0,0,0,47990000
S04,P1881,0.0,0,0,18690000
S04,P1882,0.0,0,0,28990000
S04,P1883,0.0,0,0,49400000
S04,P1884,0.0,0,0,23990000
S04,P1885,0.0,0,0,17290000
S04,P1886,0.0,0,0,18490000
S04,P1887,0.0,0,0,50990000
S04,P1888,0.0,0,0,25490000
S04,P1889,0.0,0,0,17390000
S04,P1890,0.0,0,0,37990000
S04,P1891,0.0,0,0,27990000
S04,P1892,0.0,0,0,22490000
S04,P1893,0.0,0,0,15290000
S04,P1894,0.0,0,0,16490000
S04,P1895,0.0,0,0,37490000
S04,P1896,0.0,0,0,24490000
S04,P1897,0.0,0,0,23790000
S04,P1898,0.0,0,0,74990000
S04,P1899,0.0,0,0,14190000
S04,P1900,0.0,0,0,45990000
S04,P1901,0.0,0,0,22490000
S04,P1902,0.0,0,0,32990000
S04,P1903,0.0,0,0,22590000
S04,P1904,0.0,0,0,42990000
S04,P1905,0.0,0,0,15490000
S04,P1906,0.0,0,0,47990000
S04,P1907,0.0,0,0,18990000
S04,P1908,0.0,0,0,24990000
S04,P1909,0.0,0,0,107990000
S04,P1910,0.0,0,0,24990000
S04,P1911,0.0,0,0,19290000
S04,P1912,0.0,0,0,44990000
S04,P1913,0.0,0,0,102990000
S04,P1914,0.0,0,0,21990000
S04,P1915,0.0,0,0,22490000
S04,P1096,0.0,0,0,24490000
S04,P1916,0.0,0,0,72990000
S04,P1917,0.0,0,0,12490000
S04,P1918,0.0,0,0,109990000
S04,P1919,0.0,0,0,31410000
S04,P1920,0.0,0,0,22590000
S04,P1921,0.0,0,0,36990000
S04,P1235,0.0,0,0,14990000
S04,P1922,0.0,0,0,14990000
S04,P1923,0.0,0,0,47990000
S04,P1924,0.0,0,0,97990000
S04,P1925,0.0,0,0,23490000
S04,P1926,0.0,0,0,23990000
S04,P1927,0.0,0,0,28990000
S04,P1928,0.0,0,0,17990000
S04,P1929,0.0,0,0,47990000
S04,P1930,0.0,0,0,36990000
S04,P1931,0.0,0,0,41990000
S04,P1932,0.0,0,0,35990000
S04,P1933,0.0,0,0,37990000
S04,P1934,0.0,0,0,24990000
S04,P1935,0.0,0,0,36990000
S04,P1936,0.0,0,0,8990000
S04,P1937,0.0,0,0,76990000
S04,P1938,0.0,0,0,33990000
S04,P1939,0.0,0,0,24990000
S04,P1940,0.0,0,0,37290000
S04,P1941,0.0,0,0,44190000
S04,P1942,0.0,0,0,31990000
S04,P1943,0.0,0,0,24490000
S04,P1944,0.0,0,0,95990000
S04,P1945,0.0,0,0,46990000
S04,P1946,0.0,0,0,124990000
S04,P1947,0.0,0,0,64490000
S04,P1948,0.0,0,0,28290000
S04,P1949,0.0,0,0,32490000
S04,P1950,0.0,0,0,117990000
S04,P1951,0.0,0,0,94990000
S04,P1952,0.0,0,0,12790000
S04,P1953,0.0,0,0,27690000
S04,P1954,0.0,0,0,84990000
S04,P1955,0.0,0,0,55990000
S04,P1956,0.0,0,0,9190000
S04,P1957,0.0,0,0,43490000
S04,P1958,0.0,0,0,24990000
S04,P1959,0.0,0,0,12190000
S04,P1960,0.0,0,0,54990000
S04,P1961,0.0,0,0,23190000
S04,P1962,0.0,0,0,23290000
S04,P1963,0.0,0,0,39990000
S04,P1964,0.0,0,0,29990000
S04,P1965,0.0,0,0,34990000
S04,P1966,0.0,0,0,49990000
S04,P1967,0.0,0,0,31990000
S04,P1968,0.0,0,0,26890000
S04,P1969,0.0,0,0,20990000
S04,P1970,0.0,0,0,57990000
S04,P1971,0.0,0,0,20190000
S04,P1972,0.0,0,0,57990000
S04,P1973,0.0,0,0,15490000
S04,P1974,0.0,0,0,16490000
S04,P1975,0.0,0,0,59990000
S04,P1976,0.0,0,0,22990000
S04,P1977,0.0,0,0,23990000
S04,P1978,0.0,0,0,64990000
S04,P1979,0.0,0,0,77490000
S04,P1980,0.0,0,0,27990000
S04,P1981,0.0,0,0,23490000
S04,P1982,0.0,0,0,17690000
S04,P1983,0.0,0,0,57990000
S04,P1984,0.0,0,0,90490000
S04,P1985,0.0,0,0,36990000
S04,P1986,0.0,0,0,68490000
S04,P1987,0.0,0,0,34990000
S04,P1988,0.0,0,0,40990000
S04,P1989,0.0,0,0,34990000
S04,P1990,0.0,0,0,63490000
S04,P1991,0.0,0,0,30790000
S04,P1241,0.0,0,0,27990000
S05,P1992,0.0,0,0,32390000
S05,P1993,0.0,0,0,61990000
S05,P1994,0.0,0,0,23590000
S05,P1995,0.0,0,0,35490000
S05,P1996,0.0,0,0,23990000
S05,P1997,0.0,0,0,18290000
S05,P1998,0.0,0,0,20990000
S05,P1999,0.0,0,0,31990000
S05,P2000,0.0,0,0,19490000
S05,P2001,0.0,0,0,31990000
S05,P2002,0.0,0,0,20490000
S05,P2003,0.0,0,0,23990000
S05,P2004,0.0,0,0,50990000
S05,P2005,0.0,0,0,83990000
S05,P2006,0.0,0,0,23790000
S05,P2007,0.0,0,0,23490000
S05,P2008,0.0,0,0,36990000
S05,P2009,0.0,0,0,25190000
S05,P2010,0.0,0,0,20490000
S05,P2011,0.0,0,0,50190000
S05,P2012,0.0,0,0,30990000
S05,P2013,0.0,0,0,60990000
S05,P2014,0.0,0,0,21990000
S05,P2015,0.0,0,0,13690000
S05,P2016,0.0,0,0,31290000
S05,P2017,0.0,0,0,48990000
S05,P2018,0.0,0,0,40490000
S05,P2019,0.0,0,0,24290000
S05,P2020,0.0,0,0,23990000
S05,P2021,0.0,0,0,24490000
S05,P2022,0.0,0,0,17990000
S05,P2023,0.0,0,0,28990000
S05,P2024,0.0,0,0,40890000
S05,P2025,0.0,0,0,14290000
S05,P2026,0.0,0,0,48490000
S05,P2027,0.0,0,0,36890000
S05,P2028,0.0,0,0,48990000
S05,P2029,0.0,0,0,19490000
S05,P2030,0.0,0,0,19990000
S05,P2031,0.0,0,0,29190000
S05,P2032,0.0,0,0,31990000
S05,P2033,0.0,0,0,22990000
S05,P2034,0.0,0,0,35990000
S05,P2035,0.0,0,0,16790000
S05,P2036,0.0,0,0,26990000
S05,P2037,0.0,0,0,21490000
S05,P2038,0.0,0,0,28490000
S05,P2039,0.0,0,0,42690000
S05,P2040,0.0,0,0,18990000
S05,P2041,0.0,0,0,35690000
S05,P2042,0.0,0,0,27490000
S05,P2043,0.0,0,0,20390000
S05,P2044,0.0,0,0,29990000
S05,P2045,0.0,0,0,44690000
S05,P2046,0.0,0,0,15990000
S05,P2047,0.0,0,0,27990000
S05,P2048,0.0,0,0,47490000
S05,P2049,0.0,0,0,17090000
S05,P2050,0.0,0,0,25290000
S05,P2051,0.0,0,0,31490000
S05,P2052,0.0,0,0,25990000
S05,P2053,0.0,0,0,21490000
S05,P2054,0.0,0,0,17490000
S05,P2055,0.0,0,0,14990000
S05,P2056,0.0,0,0,21490000
S05,P2057,0.0,0,0,18990000
S05,P2058,0.0,0,0,19990000
S05,P2059,0.0,0,0,17490000
S05,P2060,0.0,0,0,28990000
S05,P2061,0.0,0,0,23490000
S05,P2062,0.0,0,0,44490000
S05,P2063,0.0,0,0,25790000
S05,P2064,0.0,0,0,21190000
S05,P2065,0.0,0,0,27490000
S05,P2066,0.0,0,0,12890000
S05,P2067,0.0,0,0,24490000
S05,P2068,0.0,0,0,35490000
S05,P2069,0.0,0,0,44990000
S05,P2070,0.0,0,0,23290000
S05,P2071,0.0,0,0,44990000
S05,P2072,0.0,0,0,38990000
S05,P2073,0.0,0,0,25990000
S05,P2074,0.0,0,0,26990000
S05,P2075,0.0,0,0,40990000
S05,P2076,0.0,0,0,89390000
S05,P2077,0.0,0,0,40990000
S05,P2078,0.0,0,0,24190000
S05,P2079,0.0,0,0,28990000
S05,P2080,0.0,0,0,17390000
S05,P2081,0.0,0,0,26990000
S05,P2082,0.0,0,0,18990000
S05,P2083,0.0,0,0,23990000
S05,P2084,0.0,0,0,28990000
S05,P2085,0.0,0,0,33990000
S05,P2086,0.0,0,0,21490000
S05,P2087,0.0,0,0,41990000
S05,P2088,0.0,0,0,21990000
S05,P2089,0.0,0,0,30690000
S05,P2090,0.0,0,0,88390000
S05,P2091,0.0,0,0,19990000
S05,P2092,0.0,0,0,30990000
S05,P2093,0.0,0,0,25590000
S05,P2094,0.0,0,0,17990000
S05,P2095,0.0,0,0,75990000
S05,P2096,0.0,0,0,45990000
S05,P2097,0.0,0,0,29990000
S05,P2098,0.0,0,0,27690000
S05,P2099,0.0,0,0,24790000
S05,P2100,0.0,0,0,22990000
S05,P2101,0.0,0,0,55990000
S05,P2102,0.0,0,0,16790000
S05,P2103,0.0,0,0,62090000
S05,P2104,0.0,0,0,17490000
S05,P2105,0.0,0,0,48990000
S05,P2106,0.0,0,0,22890000
S05,P2107,0.0,0,0,20690000
S05,P2108,0.0,0,0,49990000
S05,P2109,0.0,0,0,18990000
S05,P2110,0.0,0,0,40990000
S05,P2111,0.0,0,0,27190000
S05,P2112,0.0,0,0,76490000
S05,P2113,0.0,0,0,17990000
S05,P2114,0.0,0,0,33890000
S05,P2115,0.0,0,0,26690000
S05,P2116,0.0,0,0,56490000
S05,P2117,0.0,0,0,16990000
S05,P2118,0.0,0,0,80490000
S05,P2119,0.0,0,0,44990000
S05,P2120,0.0,0,0,50690000
S05,P2121,0.0,0,0,45190000
S05,P2122,0.0,0,0,42390000
S05,P2123,0.0,0,0,27090000
S05,P2124,0.0,0,0,44990000
S05,P2125,0.0,0,0,26190000
S05,P2126,0.0,0,0,40990000
S05,P2127,0.0,0,0,38990000
S05,P2128,0.0,0,0,34490000
S05,P2129,0.0,0,0,70990000
S05,P2130,0.0,0,0,34290000
S05,P2131,0.0,0,0,26590000
S05,P2132,0.0,0,0,26690000
S05,P2133,0.0,0,0,37790000
S05,P2134,0.0,0,0,70990000
S05,P2135,0.0,0,0,27190000
S05,P2136,0.0,0,0,23290000
S05,P2137,0.0,0,0,29990000
S05,P2138,0.0,0,0,13890000
S05,P2139,0.0,0,0,24090000
S05,P2140,0.0,0,0,12490000
S05,P2141,0.0,0,0,33490000
S05,P2142,0.0,0,0,39300000
S05,P2143,0.0,0,0,32490000
S05,P2144,0.0,0,0,23590000
S05,P2145,0.0,0,0,12490000
S05,P2146,0.0,0,0,22990000
S05,P2147,0.0,0,0,22990000
S05,P2148,0.0,0,0,17690000
S05,P2149,0.0,0,0,33990000
S05,P2150,0.0,0,0,61890000
S05,P2151,0.0,0,0,83990000
S05,P2152,0.0,0,0,24990000
S05,P2153,0.0,0,0,60990000
S05,P2154,0.0,0,0,60990000
S05,P2155,0.0,0,0,24790000
S05,P2156,0.0,0,0,29990000
S05,P2157,0.0,0,0,39790000
S05,P2158,0.0,0,0,52790000
S05,P2159,0.0,0,0,44990000
S05,P2160,0.0,0,0,28990000
S05,P2161,0.0,0,0,31290000
S05,P2162,0.0,0,0,70990000
S05,P2163,0.0,0,0,18990000
S05,P2164,0.0,0,0,75490000
S05,P2165,0.0,0,0,54990000
S05,P2166,0.0,0,0,20990000
S05,P2167,0.0,0,0,34990000
S05,P2168,0.0,0,0,109990000
S05,P2169,0.0,0,0,48090000
S05,P2170,0.0,0,0,25790000
S05,P2171,0.0,0,0,25690000
S05,P2172,0.0,0,0,82490000
S05,P2173,0.0,0,0,79990000
S05,P2174,0.0,0,0,40990000
S05,P2175,0.0,0,0,33990000
S05,P2176,0.0,0,0,104990000
S05,P2177,0.0,0,0,20990000
S05,P2178,0.0,0,0,22690000
S05,P2179,0.0,0,0,74490000
S05,P2180,0.0,0,0,80990000
S05,P2181,0.0,0,0,29990000
S05,P2182,0.0,0,0,28290000
S05,P2183,0.0,0,0,27690000
S05,P2184,0.0,0,0,19690000
S05,P2185,0.0,0,0,23990000
S05,P2186,0.0,0,0,39990000
S05,P2187,0.0,0,0,56990000
S05,P2188,0.0,0,0,34790000
S05,P2189,0.0,0,0,22190000
S05,P2190,0.0,0,0,20690000
S05,P2191,0.0,0,0,25490000
S05,P2192,0.0,0,0,28490000
S05,P2193,0.0,0,0,97990000
S05,P2194,0.0,0,0,61490000
S05,P2195,0.0,0,0,31900000
S05,P2196,0.0,0,0,24390000
S05,P2197,0.0,0,0,24990000
S05,P2198,0.0,0,0,21690000
S05,P2199,0.0,0,0,47990000
S05,P2200,0.0,0,0,59990000
S05,P2201,0.0,0,0,43190000
S05,P2202,0.0,0,0,25690000
S05,P2203,0.0,0,0,15390000
S05,P2204,0.0,0,0,29790000
S05,P2205,0.0,0,0,24490000
S05,P2206,0.0,0,0,15990000
S05,P2207,0.0,0,0,43990000
S05,P2208,0.0,0,0,22990000
S05,P2209,0.0,0,0,26590000
S05,P2210,0.0,0,0,27090000
S05,P2211,0.0,0,0,22190000
S05,P2212,0.0,0,0,25990000
S05,P2213,0.0,0,0,65990000
S05,P2214,0.0,0,0,53090000
S05,P2215,0.0,0,0,41990000
S05,P2216,0.0,0,0,56490000
S05,P2217,0.0,0,0,29990000
S05,P2218,0.0,0,0,27690000
S05,P2219,0.0,0,0,39990000
S05,P2220,0.0,0,0,30990000
S05,P2221,0.0,0,0,21490000
S05,P2222,0.0,0,0,23190000
S05,P2223,0.0,0,0,33990000
S05,P2224,0.0,0,0,28490000
S05,P2225,0.0,0,0,55990000
S05,P2226,0.0,0,0,51990000
S05,P2227,0.0,0,0,16990000
S05,P2228,0.0,0,0,29290000
S05,P2229,0.0,0,0,99990000
S05,P2230,0.0,0,0,27990000
S05,P2231,0.0,0,0,35990000
S05,P2232,0.0,0,0,14390000
S05,P2233,0.0,0,0,24790000
S05,P2234,0.0,0,0,50990000
S05,P2235,0.0,0,0,34990000
S05,P2236,0.0,0,0,24990000
S05,P2237,0.0,0,0,22890000
S05,P2238,0.0,0,0,31390000
S05,P2239,0.0,0,0,16990000
S05,P2240,0.0,0,0,43790000
S05,P2241,0.0,0,0,16490000
S05,P2242,0.0,0,0,34990000
S05,P2243,0.0,0,0,26490000
S05,P2244,0.0,0,0,18490000
S05,P2245,0.0,0,0,28990000
S05,P2246,0.0,0,0,23990000
S05,P2247,0.0,0,0,26990000
S05,P2248,0.0,0,0,16990000
S05,P2249,0.0,0,0,25990000
S05,P2250,0.0,0,0,47490000
S05,P2251,0.0,0,0,34390000
S05,P2252,0.0,0,0,17990000
S05,P2253,0.0,0,0,119990000
S05,P2254,0.0,0,0,38990000
S05,P2255,0.0,0,0,36990000
S05,P2256,0.0,0,0,28690000
S05,P2257,0.0,0,0,28990000
S05,P2258,0.0,0,0,54990000
S05,P2259,0.0,0,0,24990000
S05,P2260,0.0,0,0,29090000
S05,P2261,0.0,0,0,35190000
S05,P2262,0.0,0,0,36990000
S05,P2263,0.0,0,0,39990000
S05,P2264,0.0,0,0,49990000
S05,P2265,0.0,0,0,38690000
S05,P2266,0.0,0,0,23990000
S05,P2267,0.0,0,0,56990000
S05,P2268,0.0,0,0,33490000
S05,P2269,0.0,0,0,29390000
S05,P2270,0.0,0,0,18190000
S05,P2271,0.0,0,0,24990000
S05,P2272,0.0,0,0,35990000
S05,P2273,0.0,0,0,16990000
S05,P2274,0.0,0,0,28990000
S05,P2275,0.0,0,0,35390000
S05,P2276,0.0,0,0,45990000
S05,P2277,0.0,0,0,41990000
S05,P2278,0.0,0,0,31490000
S05,P2279,0.0,0,0,29190000
S05,P2280,0.0,0,0,32090000
S05,P2281,0.0,0,0,46990000
S05,P2282,0.0,0,0,17490000
S05,P2283,0.0,0,0,50990000
S05,P2284,0.0,0,0,26990000
S05,P2285,0.0,0,0,34990000
S05,P2286,0.0,0,0,20990000
S05,P2287,0.0,0,0,26990000
S05,P2288,0.0,0,0,19990000
S05,P2289,0.0,0,0,18590000
S05,P2290,0.0,0,0,22490000
S05,P2291,0.0,0,0,77990000
S05,P2292,0.0,0,0,28190000
S05,P2293,0.0,0,0,57490000
S05,P2294,0.0,0,0,22990000
S05,P2295,0.0,0,0,14790000
S05,P2296,0.0,0,0,33990000
S05,P2297,0.0,0,0,43990000
S05,P2298,0.0,0,0,13690000
S05,P2299,0.0,0,0,35290000
S05,P2300,0.0,0,0,19490000
S05,P2301,0.0,0,0,18490000
S05,P2302,0.0,0,0,21990000
S05,P2303,0.0,0,0,23990000
S05,P2304,0.0,0,0,50990000
S05,P2305,0.0,0,0,72990000
S05,P2306,0.0,0,0,17990000
S05,P2307,0.0,0,0,25990000
S05,P2308,0.0,0,0,17490000
S05,P2309,0.0,0,0,59990000
S05,P2310,0.0,0,0,32290000
S05,P2311,0.0,0,0,29990000
S05,P2312,0.0,0,0,29290000
S05,P2313,0.0,0,0,85990000
S05,P2314,0.0,0,0,31990000
S05,P2315,0.0,0,0,32990000
S05,P2316,0.0,0,0,51490000
S05,P2317,0.0,0,0,28690000
S05,P2318,0.0,0,0,19490000
S05,P2319,0.0,0,0,21490000
S05,P2320,0.0,0,0,19190000
S05,P2321,0.0,0,0,43990000
S05,P2322,0.0,0,0,91990000
S05,P2323,0.0,0,0,15490000
S05,P2324,0.0,0,0,20490000
S05,P2325,0.0,0,0,31990000
S05,P2326,0.0,0,0,46990000
S05,P2327,0.0,0,0,23990000
S05,P2328,0.0,0,0,55990000
S05,P2329,0.0,0,0,47990000
S05,P2330,0.0,0,0,30490000
S05,P2331,0.0,0,0,17990000
S05,P2332,0.0,0,0,12490000
S05,P2333,0.0,0,0,23090000
S05,P2334,0.0,0,0,21990000
S05,P2335,0.0,0,0,35490000
S05,P2336,0.0,0,0,42990000
S05,P2337,0.0,0,0,66490000
S05,P2338,0.0,0,0,24290000
S05,P2339,0.0,0,0,24490000
S05,P2340,0.0,0,0,66490000
S05,P2341,0.0,0,0,35490000
S05,P2342,0.0,0,0,16490000
S05,P2343,0.0,0,0,38190000
S05,P2344,0.0,0,0,48490000
S05,P2345,0.0,0,0,26990000
S05,P2346,0.0,0,0,25290000
S05,P2347,0.0,0,0,63490000
S05,P2348,0.0,0,0,14490000
S05,P2349,0.0,0,0,71090000
S05,P2350,0.0,0,0,38990000
S05,P2351,0.0,0,0,24990000
S06,P2352,0.0,0,0,29290000
S06,P2353,5.0,42,42,31990000
S06,P2354,5.0,9,9,27690000
S06,P2355,0.0,0,0,88990000
S06,P2356,5.0,443,443,18090000
S06,P2357,5.0,12,12,40090000
S06,P2358,5.0,2770,2700,14790000
S06,P2359,5.0,48,48,71390000
S06,P2360,5.0,688,688,22290000
S06,P2361,5.0,236,236,17490000
S06,P2362,5.0,26,26,22790000
S06,P2363,5.0,160,160,29190000
S06,P2364,5.0,100,100,46890000
S06,P2365,5.0,242,242,21290000
S06,P2366,5.0,176,176,28090000
S06,P2367,0.0,0,0,23990000
S06,P2368,5.0,113,113,28290000
S06,P2369,5.0,56,56,27690000
S06,P2370,0.0,0,0,50690000
S06,P2371,5.0,12,12,51990000
S06,P2372,0.0,0,0,46490000
S06,P2373,5.0,8,8,48190000
S06,P2374,4.9,1018,1000,23790000
S06,P2375,4.9,501,500,28690000
S06,P2376,5.0,5,5,57590000
S06,P2377,5.0,6,6,23690000
S06,P2378,5.0,165,165,23490000
S06,P2379,0.0,0,0,29990000
S06,P2380,5.0,157,157,13690000
S06,P2381,5.0,61,61,44190000
S06,P2382,0.0,0,0,35290000
S06,P2383,5.0,54,54,34690000
S06,P2384,4.9,4541,4500,17190000
S06,P2385,5.0,1,1,48990000
S06,P2386,5.0,714,714,20290000
S06,P2387,4.9,2363,2300,19290000
S06,P2388,5.0,1216,1200,17790000
S06,P2389,5.0,7,7,21490000
S06,P2390,4.9,492,491,29290000
S06,P2391,5.0,18,18,22390000
S06,P2392,5.0,10,10,63990000
S06,P2393,5.0,1,1,53890000
S06,P2394,5.0,2468,2400,14290000
S06,P2395,5.0,160,160,20990000
S06,P2396,0.0,0,0,26990000
S06,P2397,5.0,117,117,16790000
S06,P2398,5.0,19,19,24790000
S06,P2399,4.9,1688,1600,18590000
S06,P2400,5.0,47,47,18890000
S06,P2401,5.0,480,480,14190000
S06,P2402,0.0,0,0,35790000
S06,P2403,5.0,93,93,31690000
S06,P2404,4.8,23,22,43190000
S06,P2405,5.0,2271,2200,13790000
S06,P2406,5.0,82,82,38890000
S06,P2407,5.0,85,85,19490000
S06,P2408,5.0,507,507,28990000
S06,P2409,5.0,102,102,26390000
S06,P2410,0.0,0,0,78990000
S06,P2411,0.0,0,0,20290000
S06,P2412,5.0,302,302,22690000
S06,P2413,5.0,186,186,28090000
S06,P2414,0.0,0,0,60690000
S06,P2415,5.0,124,124,21490000
S06,P2416,5.0,61,61,20290000
S06,P2417,0.0,0,0,22390000
S06,P2418,5.0,3,3,46190000
S06,P2419,5.0,5,5,42590000
S06,P2420,4.9,862,860,24090000
S06,P2421,5.0,21,21,21490000
S06,P2422,4.9,2440,2400,22090000
S06,P2423,5.0,2953,2900,15090000
S06,P2424,4.9,5372,5300,20290000
S06,P2425,5.0,1062,1000,28690000
S06,P2426,5.0,2,2,99990000
S06,P2427,4.9,230,229,25490000
S06,P2428,5.0,3782,3700,15290000
S06,P2429,0.0,0,0,40490000
S06,P2430,5.0,436,436,21290000
S06,P2431,5.0,30,30,29790000
S06,P2432,5.0,932,932,21290000
S06,P2433,0.0,0,0,40990000
S06,P2434,5.0,196,196,36990000
S06,P2435,5.0,35,35,28690000
S06,P2436,5.0,5,5,30690000
S06,P2437,5.0,407,407,20590000
S06,P2438,4.9,2775,2700,22490000
S06,P2439,5.0,38,38,28190000
S06,P2440,5.0,1583,1500,17590000
S06,P2441,5.0,10,10,43590000
S06,P2442,5.0,328,328,24890000
S06,P2443,0.0,0,0,30790000
S06,P2444,5.0,319,319,26790000
S06,P2445,5.0,201,201,18990000
S06,P2446,5.0,147,147,26190000
S06,P2447,5.0,317,317,16790000
S06,P2448,0.0,0,0,79990000
S06,P2449,4.9,3216,3200,14790000
S06,P2450,5.0,17,17,35690000
S06,P2451,0.0,0,0,40490000
S06,P2452,4.9,3363,3300,18690000
S06,P2453,5.0,4,4,55990000
S06,P2454,0.0,0,0,45990000
S06,P2455,5.0,3,3,24290000
S06,P2456,5.0,88,88,25590000
S06,P2457,5.0,57,57,28190000
S06,P2458,0.0,0,0,17590000
S06,P2459,4.9,10886,10800,16590000
S06,P2460,5.0,2,2,27590000
S06,P2461,4.9,218,217,38990000
S06,P2462,5.0,3180,3100,16790000
S06,P2463,4.9,452,451,18990000
S06,P2464,4.9,2953,2900,22290000
S06,P2465,5.0,369,369,13990000
S06,P2466,5.0,607,607,19790000
S06,P2467,5.0,5,5,38090000
S06,P2468,5.0,132,132,28990000
S06,P2469,5.0,2,2,28990000
S06,P2470,5.0,291,291,18290000
S06,P2471,5.0,3,3,25490000
S06,P2472,5.0,2749,2700,20090000
S06,P2473,5.0,14,14,24190000
S06,P2474,0.0,0,0,18590000
S06,P2475,5.0,432,432,20890000
S06,P2476,5.0,81,81,25990000
S06,P2477,0.0,0,0,35490000
S06,P2478,4.9,549,548,25590000
S06,P2479,4.9,3195,3100,10790000
S06,P2480,5.0,228,228,25990000
S06,P2481,4.9,1131,1100,11490000
S06,P2482,5.0,116,116,27990000
S06,P2483,5.0,1564,1500,17790000
S06,P2484,5.0,1,1,41690000
S06,P2485,4.9,6208,6200,18990000
S06,P2486,5.0,1,1,61590000
S06,P2487,5.0,89,89,21790000
S06,P2488,5.0,2392,2300,16790000
S06,P2489,5.0,169,169,24990000
S06,P2490,0.0,0,0,22690000
S06,P2491,5.0,340,340,41490000
S06,P2492,5.0,34,34,28990000
S06,P2493,0.0,0,0,59990000
S06,P2494,5.0,66,66,20190000
S06,P2495,5.0,3,3,23990000
S06,P2496,5.0,141,141,41390000
S06,P2497,5.0,377,377,23690000
S06,P2498,5.0,44,44,27690000
S06,P2499,5.0,504,504,17490000
S06,P2500,4.9,681,680,19990000
S06,P2501,5.0,104,104,29090000
S06,P2502,4.9,54,53,27490000
S06,P2503,4.9,2149,2100,17890000
S06,P2504,5.0,38,38,22990000
S06,P2505,4.9,2703,2700,12890000
S06,P2506,0.0,0,0,48690000
S06,P2507,0.0,0,0,104990000
S06,P2508,5.0,444,444,24990000
S06,P2509,5.0,75,75,31290000
S06,P2510,4.9,27834,27800,13490000
S06,P2511,5.0,4,4,50690000
S06,P2512,5.0,135,135,36990000
S06,P2513,5.0,125,125,22990000
S06,P2514,4.9,2468,2400,20290000
S06,P2515,5.0,14,14,20790000
S06,P2516,5.0,478,478,16790000
S06,P2517,5.0,25,25,27690000
S06,P2518,5.0,22,22,31890000
S06,P2519,5.0,375,375,14790000
S06,P2520,5.0,18,18,33890000
S06,P2521,5.0,94,94,25490000
S06,P2522,5.0,758,758,29690000
S06,P2523,5.0,113,113,22590000
S06,P2524,5.0,74,74,28690000
S06,P2525,5.0,400,400,35490000
S06,P2526,4.9,1154,1100,15090000
S06,P2527,5.0,55,55,28690000
S06,P2528,5.0,2143,1,17790000
S06,P2529,5.0,4,4,25590000
S06,P2530,5.0,843,843,16790000
S06,P2531,5.0,23,23,7290000
S06,P2532,4.9,3032,3000,20690000
S06,P2533,5.0,39,39,23690000
S06,P2534,5.0,900,900,15190000
S06,P2535,0.0,0,0,45990000
S06,P2536,5.0,82,82,27590000
S06,P2537,0.0,0,0,51490000
S06,P2538,5.0,240,240,20990000
S06,P2539,5.0,1419,1400,16790000
S06,P2540,5.0,6,6,46590000
S06,P2541,5.0,53,53,44490000
S06,P2542,5.0,1,1,62490000
S06,P2543,5.0,637,637,20690000
S06,P2544,5.0,64,64,21490000
S06,P2545,5.0,68,68,43490000
S06,P2546,5.0,20,20,38290000
S06,P2547,0.0,0,0,97990000
S06,P2548,4.9,5254,5200,16790000
S06,P2549,5.0,135,135,24690000
S06,P2550,5.0,585,585,24190000
S06,P2551,5.0,16,16,23990000
S06,P2552,5.0,139,139,30790000
S06,P2553,5.0,91,91,17790000
S06,P2554,0.0,0,0,35090000
S06,P2555,5.0,30,30,41990000
S06,P2556,5.0,1010,1000,19290000
S06,P2557,5.0,1,1,33490000
S06,P2558,5.0,143,143,17790000
S06,P2559,5.0,54,54,32190000
S06,P2560,4.9,6549,6500,12790000
S06,P2561,5.0,65,65,26690000
S06,P2562,5.0,914,914,24490000
S06,P2563,0.0,0,0,72990000
S06,P2564,0.0,0,0,41290000
S06,P2565,5.0,11219,11200,12490000
S06,P2566,0.0,0,0,35490000
S06,P2567,0.0,0,0,29990000
S06,P2568,5.0,2435,2400,20290000
S06,P2569,5.0,1,1,25690000
S06,P2570,5.0,704,704,16790000
S06,P2571,5.0,30,30,31990000
S06,P2572,5.0,18,18,63990000
S06,P2573,5.0,6,6,47390000
S06,P2574,5.0,759,759,11290000
S06,P2575,5.0,1235,1200,17590000
S06,P2576,4.9,8895,8800,14290000
S06,P2577,4.9,1249,1200,24490000
S06,P2578,0.0,0,0,83990000
S06,P2579,0.0,0,0,42990000
S06,P2580,5.0,1,1,57490000
S06,P2581,5.0,111,111,17990000
S06,P2582,5.0,81,81,21990000
S06,P2583,4.9,446,445,15390000
S06,P2584,5.0,262,262,20390000
S06,P2585,5.0,82,82,21690000
S06,P2586,4.8,29,28,38690000
S06,P2587,5.0,50,50,29390000
S06,P2588,5.0,280,280,24290000
S06,P2589,5.0,37,37,26390000
S06,P2590,5.0,4,4,34990000
S06,P2591,0.0,0,0,21290000
S06,P2592,5.0,1163,1100,17790000
S06,P2593,0.0,0,0,55690000
S06,P2594,5.0,146,146,19890000
S06,P2595,4.9,3905,3800,14290000
S06,P2596,0.0,0,0,26490000
S06,P2597,5.0,31,31,68490000
S06,P2598,5.0,29,29,20690000
S06,P2599,0.0,0,0,28790000
S06,P2600,5.0,197,197,20990000
S06,P2601,4.9,363,362,23790000
S06,P2602,5.0,1224,1200,24990000
S06,P2603,5.0,179,179,20390000
S06,P2604,5.0,69,69,31790000
S06,P2605,0.0,0,0,17090000
S06,P2606,4.9,1616,1600,23990000
S06,P2607,0.0,0,0,29690000
S06,P2608,5.0,136,136,16290000
S06,P2609,5.0,1,1,16790000
S06,P2610,5.0,33,33,12490000
S06,P2611,5.0,3,3,59890000
S06,P2612,5.0,1,1,38690000
S06,P2613,0.0,0,0,126490000
S06,P2614,5.0,1853,1800,20290000
S06,P2615,5.0,72,72,23190000
S06,P2616,5.0,25,25,32890000
S06,P2617,5.0,1838,1800,21990000
S06,P2618,5.0,5,5,41690000
S06,P2619,5.0,6,6,57990000
S06,P2620,5.0,429,429,18990000
S06,P2621,5.0,139,139,28190000
S06,P2622,5.0,1375,1300,18290000
S06,P2623,5.0,72,72,34690000
S06,P2624,5.0,287,287,21290000
S06,P2625,5.0,1985,1900,27190000
S06,P2626,5.0,1,1,149990000
S06,P2627,5.0,101,101,18290000
S06,P2628,5.0,17,17,39490000
S06,P2629,0.0,0,0,35790000
S06,P2630,5.0,82,82,24690000
S06,P2631,5.0,20,20,46690000
S06,P2632,5.0,1,1,28190000
S06,P2633,5.0,31,31,26290000
S06,P2634,4.9,573,572,18190000
S06,P2635,5.0,455,455,18290000
S06,P2636,0.0,0,0,143990000
S06,P2637,5.0,4,4,32190000
S06,P2638,5.0,7238,7200,12990000
S06,P2639,5.0,15,15,31590000
S06,P2640,5.0,2704,2700,16990000
S06,P2641,5.0,70,70,18290000
S06,P2642,0.0,0,0,42990000
S06,P2643,5.0,676,676,24190000
S06,P2644,5.0,1510,1500,24790000
S06,P2645,5.0,86,86,44690000
S06,P2646,0.0,0,0,25490000
S06,P2647,5.0,65,65,79090000
S06,P2648,0.0,0,0,35790000
S06,P2649,0.0,0,0,47590000
S06,P2650,0.0,0,0,122990000
S06,P2651,5.0,1,1,32890000
S06,P2652,4.9,3209,3200,21290000
S06,P2653,4.9,7251,7200,17490000
S06,P2654,5.0,642,642,24190000
S06,P2655,5.0,1366,1300,18290000
S06,P2656,0.0,0,0,29690000
S06,P2657,0.0,0,0,34990000
S06,P2658,5.0,7,7,29690000
S06,P2659,4.9,722,721,18990000
S06,P2660,5.0,85,85,27590000
S06,P2661,5.0,1218,1200,20290000
S06,P2662,5.0,1291,1200,20190000
S06,P2663,5.0,258,258,26490000
S06,P2664,4.9,6227,6200,17690000
S06,P2665,5.0,22,22,30990000
S06,P2666,5.0,268,268,24290000
S06,P2667,5.0,17,17,47490000
S06,P2668,5.0,35,35,21490000
S06,P2669,0.0,0,0,26190000
S06,P2670,5.0,75,75,23390000
S06,P2671,0.0,0,0,37190000
S06,P2672,5.0,36,36,41690000
S06,P2673,5.0,456,456,19990000
S06,P2674,4.9,1094,1000,24490000
S06,P2675,0.0,0,0,24690000
S06,P2676,5.0,7,7,18490000
S06,P2677,5.0,141,141,41990000
S06,P2678,5.0,78,78,22590000
S06,P2679,4.9,1119,1100,20290000
S06,P2680,5.0,415,415,34990000
S06,P2681,0.0,0,0,22190000
S06,P2682,5.0,70,70,34690000
S06,P2683,5.0,2321,2300,18290000
S06,P2684,4.9,2609,2600,23490000
S06,P2685,0.0,0,0,20690000
S06,P2686,5.0,72,72,25790000
S06,P2687,4.9,984,983,18490000
S06,P2688,4.9,9074,9000,24590000
S06,P2689,4.9,455,454,17890000
S06,P2690,5.0,3690,3600,17090000
S06,P2691,5.0,17,17,21390000
S06,P2692,5.0,799,799,23990000
S06,P2693,0.0,0,0,16490000
S06,P2694,5.0,1559,1500,16290000
S06,P2695,0.0,0,0,70990000
S06,P2696,5.0,831,831,18090000
S06,P2697,5.0,900,900,16790000
S06,P2698,0.0,0,0,22990000
S06,P2699,5.0,144,144,20990000
S06,P2700,0.0,0,0,16690000
S06,P2701,5.0,609,609,14790000
S06,P2702,5.0,77,77,24690000
S06,P2703,5.0,197,197,18690000
S06,P2704,0.0,0,0,40790000
S06,P2705,5.0,280,280,31690000
S06,P2706,0.0,0,0,64990000
S06,P2707,5.0,75,75,35190000
S06,P2708,5.0,26,26,23490000
S06,P2709,5.0,12,12,22690000
S06,P2710,5.0,37,37,16590000
S06,P2711,5.0,5,5,35990000
S06,P2712,4.9,3373,3300,19490000
S06,P2713,0.0,0,0,28790000
S06,P2714,5.0,1,1,44690000
S06,P2715,5.0,259,259,16790000
S06,P2716,4.9,13128,13100,19990000
S06,P2717,4.9,1727,1700,16790000
S06,P2718,4.9,2415,2400,16790000
S06,P2719,5.0,11,11,25790000
S06,P2720,5.0,32,32,16990000
S06,P2721,4.9,943,942,29390000
S06,P2722,4.9,1391,1300,16690000
S06,P2723,5.0,585,585,16790000
S06,P2724,4.9,1812,1800,22490000
S06,P2725,5.0,2,2,26590000
S06,P2726,5.0,68,68,17890000
S06,P2727,5.0,20,20,38690000
S06,P2728,5.0,206,206,14790000
S06,P2729,4.9,1550,1500,16790000
S06,P2730,5.0,499,499,21990000
S06,P2731,5.0,35,35,89490000
S06,P2732,5.0,175,175,26390000
S06,P2733,5.0,140,140,21090000
S06,P2734,5.0,2414,2400,17590000
S06,P2735,5.0,153,153,16790000
S06,P2736,5.0,1145,1100,26190000
S06,P2737,0.0,0,0,35090000
S06,P2738,4.9,19722,19700,14790000
S06,P2739,0.0,0,0,40990000
S06,P2740,5.0,50,50,28590000
S06,P2741,5.0,16,16,5990000
S06,P2742,5.0,355,355,18190000
S06,P2743,5.0,6,6,50990000
S06,P2744,5.0,67,67,23490000
S06,P2745,5.0,982,982,49990000
S06,P2746,5.0,33,33,31090000
S06,P2747,5.0,3489,3400,21990000
S06,P2748,4.9,1987,1900,19690000
S06,P2749,0.0,0,0,21990000
S06,P2750,5.0,158,158,21990000
S06,P2751,5.0,174,174,22490000
S06,P2752,5.0,380,380,21190000
S06,P2753,5.0,33,33,40690000
S06,P2754,5.0,446,446,17890000
S06,P2755,4.9,1961,1900,18290000
S06,P2756,0.0,0,0,40990000
S06,P2757,5.0,497,497,34990000
S06,P2758,5.0,9,9,37290000
S06,P2759,5.0,62,62,27990000
S06,P2760,5.0,2,2,43690000
S06,P2761,5.0,1114,1100,20290000
S06,P2762,5.0,2,2,29790000
S06,P2763,4.9,1249,1200,18390000
S06,P2764,0.0,0,0,18590000
